plot_code                 ,cwd_transect_num,transect_area_m2,measurement_num,year                     ,month                    ,day                      ,sub_transect_start_point,sub_transect_end_point,size_class,decay_class,diameter_top_1_cm,diameter_top_2_cm,diameter_bottom_1_cm,diameter_bottom_2_cm,length_cm,forest_weight_total_g,forest_weight_sample_g,dry_weight_sample_g,quality_code,is_stock,include_as_branch_npp,note,DaysBetween
LPG-01,1,200,1,2013,4,29,,,,2,,,,6.8,78,,,,,Y,N,,
LPG-01,1,200,2,2013,4,29,,,,2,,,,5.4,90,,,,,Y,N,,
LPG-01,1,200,3,2013,4,29,,,,4,,,,7.2,88,,,,,Y,N,,
LPG-01,1,200,4,2013,4,29,,,,4,,,,8.4,130,,,,,Y,N,,
LPG-01,1,200,5,2013,4,29,,,,2,,,,4.6,165,,,,,Y,N,,
LPG-01,1,200,6,2013,4,29,,,,4,,,,4.7,26,,,,,Y,N,,
LPG-01,1,200,7,2013,4,29,,,,3,,,,4.3,63,,,,,Y,N,,
LPG-01,1,200,8,2013,4,29,,,,4,,,,7.8,40,,,,,Y,N,,
LPG-01,1,200,9,2013,4,29,,,,4,,,,9.3,34,,,,,Y,N,,
LPG-01,1,200,10,2013,4,29,,,,5,,,,9,67,,,,,Y,N,,
LPG-01,1,200,11,2013,4,29,,,,4,,,,6.3,44,,,,,Y,N,,
LPG-01,1,200,12,2013,4,29,,,,5,,,,6.2,66,,,,,Y,N,,
LPG-01,1,200,13,2013,4,29,,,,4,,,,5,20,,,,,Y,N,,
LPG-01,1,200,14,2013,4,29,,,,3,,,,5.2,41,,,,,Y,N,,
LPG-01,1,200,15,2013,4,29,,,,4,,,,6.3,20,,,,,Y,N,,
LPG-01,1,200,16,2013,4,29,,,,3,,,,5.2,41,,,,,Y,N,,
LPG-01,1,200,17,2013,4,29,,,,4,,,,6.1,25,,,,,Y,N,,
LPG-01,1,200,18,2013,4,29,,,,5,,,,6.1,28,,,,,Y,N,,
LPG-01,1,200,19,2013,4,29,,,,3,,,,8.5,86,,,,,Y,N,,
LPG-01,1,200,20,2013,4,29,,,,4,,,,5.2,102,,,,,Y,N,,
LPG-01,1,200,21,2013,4,29,,,,4,,,,11,63,,,,,Y,N,,
LPG-01,1,200,22,2013,4,29,,,,5,,,,8,58,,,,,Y,N,,
LPG-01,1,200,23,2013,4,29,,,,4,,,,6.3,20,,,,,Y,N,,
LPG-01,1,200,24,2013,4,29,,,,4,,,,6,15,,,,,Y,N,,
LPG-01,1,200,25,2013,4,29,,,,2,,,,4,108,,,,,Y,N,,
LPG-01,1,200,26,2013,4,29,,,,3,,,,5.2,122,,,,,Y,N,,
LPG-01,1,200,27,2013,4,29,,,,3,,,,2.9,69,,,,,Y,N,,
LPG-01,1,200,28,2013,4,29,,,,3,,,,3.5,34,,,,,Y,N,,
LPG-01,1,200,29,2013,4,29,,,,4,,,,2.7,57,,,,,Y,N,,
LPG-01,1,200,30,2013,4,29,,,,2,,,,2.7,56,,,,,Y,N,,
LPG-01,1,200,31,2013,4,29,,,,4,,,,4,25,,,,,Y,N,,
LPG-01,1,200,32,2013,4,29,,,,2,,,,3,74,,,,,Y,N,,
LPG-01,1,200,33,2013,4,29,,,,2,,,,2.3,54,,,,,Y,N,,
LPG-01,1,200,34,2013,4,29,,,,3,,,,8.6,68,,,,,Y,N,,
LPG-01,1,200,35,2013,4,29,,,,4,,,,5.8,81,,,,,Y,N,,
LPG-01,1,200,36,2013,4,29,,,,5,,,,8,61,,,,,Y,N,,
LPG-01,1,200,37,2013,4,29,,,,4,,,,5.8,32,,,,,Y,N,,
LPG-01,1,200,38,2013,4,29,,,,4,,,,5.5,23,,,,,Y,N,,
LPG-01,1,200,39,2013,4,29,,,,4,,,,2.8,70,,,,,Y,N,,
LPG-01,1,200,40,2013,4,29,,,,2,,,,2.5,42,,,,,Y,N,,
LPG-01,1,200,41,2013,4,29,,,,2,,,,2,42,,,,,Y,N,,
LPG-01,1,200,42,2013,4,29,,,,4,,,,2.8,76,,,,,Y,N,,
LPG-01,1,200,43,2013,4,29,,,,3,,,,3.2,35,,,,,Y,N,,
LPG-01,1,200,44,2013,4,29,,,,4,,,,2.5,45,,,,,Y,N,,
LPG-01,1,200,45,2013,4,29,,,,2,,,,3.5,98,,,,,Y,N,,
LPG-01,1,200,46,2013,4,29,,,,2,,,,4,63,,,,,Y,N,,
LPG-01,1,200,47,2013,4,29,,,,2,,,,2.2,40,,,,,Y,N,,
LPG-01,1,200,48,2013,4,29,,,,4,,,,3.8,68,,,,,Y,N,,
LPG-01,1,200,49,2013,4,29,,,,4,,,,2.2,42,,,,,Y,N,,
LPG-01,1,200,50,2013,4,29,,,,3,,,,4.3,29,,,,,Y,N,,
LPG-01,1,200,51,2013,4,29,,,,2,,,,2.5,83,,,,,Y,N,,
LPG-01,1,200,52,2013,4,29,,,,2,,,,2.2,38,,,,,Y,N,,
LPG-01,1,200,53,2013,4,29,,,,4,,,,2.2,55,,,,,Y,N,,
LPG-01,1,200,54,2013,4,29,,,,2,,,,3.1,66,,,,,Y,N,,
LPG-01,1,200,55,2013,4,29,,,,3,,,,2.1,52,,,,,Y,N,,
LPG-01,1,200,56,2013,4,29,,,,2,,,,2.3,55,,,,,Y,N,,
LPG-01,1,200,57,2013,4,29,,,,5,,,,9.5,45,,,,,Y,N,,
LPG-01,1,200,58,2013,4,29,,,,4,,,,2.8,70,,,,,Y,N,,
LPG-01,1,200,59,2013,4,29,,,,3,,,,2,64,,,,,Y,N,,
LPG-01,1,200,60,2013,4,29,,,,4,,,,4.9,43,,,,,Y,N,,
LPG-01,1,200,61,2013,4,29,,,,4,,,,4.9,40,,,,,Y,N,,
LPG-01,1,200,62,2013,4,29,,,,4,,,,2.3,48,,,,,Y,N,,
LPG-01,1,200,63,2013,4,29,,,,4,,,,2.9,63,,,,,Y,N,,
LPG-01,1,200,64,2013,4,29,,,,2,,,,3.4,84,,,,,Y,N,,
LPG-01,1,200,65,2013,4,29,,,,2,,,,3.2,60,,,,,Y,N,,
LPG-01,1,200,66,2013,4,29,,,,2,,,,2.5,59,,,,,Y,N,,
LPG-01,1,200,67,2013,4,29,,,,3,,,,2.9,111,,,,,Y,N,,
LPG-01,1,200,68,2013,4,29,,,,4,,,,2.8,35,,,,,Y,N,,
LPG-01,1,200,69,2013,4,29,,,,4,,,,2.5,26,,,,,Y,N,,
LPG-01,1,200,70,2013,4,29,,,,3,,,,3.2,50,,,,,Y,N,,
LPG-01,1,200,71,2013,4,29,,,,2,,,,2.2,33,,,,,Y,N,,
LPG-01,1,200,72,2013,4,29,,,,4,,,,2.4,48,,,,,Y,N,,
LPG-01,1,200,73,2013,4,29,,,,3,,,,2.6,38,,,,,Y,N,,
LPG-01,1,200,74,2013,4,29,,,,2,,,,2.2,43,,,,,Y,N,,
LPG-01,1,200,75,2013,4,29,,,,3,,,,4.2,35,,,,,Y,N,,
LPG-01,1,200,76,2013,4,29,,,,4,,,,3.6,27,,,,,Y,N,,
LPG-01,1,200,77,2013,4,29,,,,3,,,,2.4,32,,,,,Y,N,,
LPG-01,1,200,78,2013,4,29,,,,2,,,,2.6,36,,,,,Y,N,,
LPG-01,1,200,79,2013,4,29,,,,3,,,,2,64,,,,,Y,N,,
LPG-01,1,200,80,2013,4,29,,,,2,,,,2.5,62,,,,,Y,N,,
LPG-01,1,200,81,2013,4,29,,,,3,,,,2.2,37,,,,,Y,N,,
LPG-01,1,200,82,2013,4,29,,,,4,,,,2.5,23,,,,,Y,N,,
LPG-01,1,200,83,2013,4,29,,,,3,,,,2.7,23,,,,,Y,N,,
LPG-01,1,200,84,2013,4,29,,,,4,,,,5.1,15,,,,,Y,N,,
LPG-01,1,200,85,2013,4,29,,,,4,,,,5.9,15,,,,,Y,N,,
LPG-01,1,200,86,2013,4,29,,,,3,,,,4.9,19,,,,,Y,N,,
LPG-01,1,200,87,2013,4,29,,,,4,,,,3.5,27,,,,,Y,N,,
LPG-01,1,200,88,2013,4,29,,,,4,,,,3.1,25,,,,,Y,N,,
LPG-01,1,200,89,2013,4,29,,,,2,,,,2.2,36,,,,,Y,N,,
LPG-01,1,200,90,2013,4,29,,,,4,,,,4.7,15,,,,,Y,N,,
LPG-01,1,200,91,2013,4,29,,,,5,,,,2.5,17,,,,,Y,N,,
LPG-01,1,200,92,2013,4,29,,,,4,,,,3.3,16,,,,,Y,N,,
LPG-01,1,200,93,2013,4,29,,,,5,,,,2.2,20,,,,,Y,N,,
LPG-01,1,200,94,2013,4,29,,,,5,,,,4.9,20,,,,,Y,N,,
LPG-01,1,200,95,2013,4,29,,,,5,,,,3.3,16,,,,,Y,N,,
LPG-01,1,200,96,2013,4,29,,,,5,,,,4.5,19,,,,,Y,N,,
LPG-01,1,200,97,2013,4,29,,,,3,,,,3,19,,,,,Y,N,,
LPG-01,1,200,98,2013,4,29,,,,4,,,,2.7,21,,,,,Y,N,,
LPG-01,1,200,99,2013,4,29,,,,4,,,,3.9,20,,,,,Y,N,,
LPG-01,1,200,100,2013,4,29,,,,4,,,,2.4,21,,,,,Y,N,,
LPG-01,1,200,101,2013,4,29,,,,5,,,,2.1,17,,,,,Y,N,,
LPG-01,1,200,102,2013,4,29,,,,5,,,,2.2,9,,,,,Y,N,,
LPG-01,1,200,103,2013,4,29,,,,4,,,,2.5,19,,,,,Y,N,,
LPG-01,1,200,104,2013,4,29,,,,3,,,,6.5,95,,,,,Y,N,,
LPG-01,1,200,105,2013,4,29,,,,4,,,,6,91,,,,,Y,N,,
LPG-01,1,200,106,2013,4,29,,,,4,,,,7.7,63,,,,,Y,N,,
LPG-01,1,200,107,2013,4,29,,,,4,,,,7.1,53,,,,,Y,N,,
LPG-01,1,200,108,2013,4,29,,,,5,,,,6.7,74,,,,,Y,N,,
LPG-01,1,200,109,2013,4,29,,,,4,,,,7.8,54,,,,,Y,N,,
LPG-01,1,200,110,2013,4,29,,,,5,,,,5.8,43,,,,,Y,N,,
LPG-01,1,200,111,2013,4,29,,,,3,,,,5,76,,,,,Y,N,,
LPG-01,1,200,112,2013,4,29,,,,4,,,,5.3,33,,,,,Y,N,,
LPG-01,1,200,113,2013,4,29,,,,4,,,,5.8,70,,,,,Y,N,,
LPG-01,1,200,114,2013,4,29,,,,2,,,,5.2,70,,,,,Y,N,,
LPG-01,1,200,115,2013,4,29,,,,4,,,,4.6,37,,,,,Y,N,,
LPG-01,1,200,116,2013,4,29,,,,2,,,,6.3,100,,,,,Y,N,,
LPG-01,1,200,117,2013,4,29,,,,3,,,,4.6,60,,,,,Y,N,,
LPG-01,1,200,118,2013,4,29,,,,3,,,,6.9,36,,,,,Y,N,,
LPG-01,1,200,119,2013,4,29,,,,2,,,,3.5,76,,,,,Y,N,,
LPG-01,1,200,120,2013,4,29,,,,2,,,,4.1,75,,,,,Y,N,,
LPG-01,1,200,121,2013,4,29,,,,4,,,,4.8,58,,,,,Y,N,,
LPG-01,1,200,122,2013,4,29,,,,2,,,,4.4,48,,,,,Y,N,,
LPG-01,1,200,123,2013,4,29,,,,2,,,,4.1,115,,,,,Y,N,,
LPG-01,1,200,124,2013,4,29,,,,2,,,,4.8,48,,,,,Y,N,,
LPG-01,1,200,125,2013,4,29,,,,3,,,,4.5,115,,,,,Y,N,,
LPG-01,1,200,126,2013,4,29,,,,3,,,,2.8,164,,,,,Y,N,,
LPG-01,1,200,127,2013,4,29,,,,1,,,,2.3,115,,,,,Y,N,,
LPG-01,1,200,128,2013,4,29,,,,4,,,,3,51,,,,,Y,N,,
LPG-01,1,200,129,2013,4,29,,,,2,,,,2.4,175,,,,,Y,N,,
LPG-01,1,200,130,2013,4,29,,,,3,,,,3.3,115,,,,,Y,N,,
LPG-01,1,200,131,2013,4,29,,,,2,,,,3.5,83,,,,,Y,N,,
LPG-01,1,200,132,2013,4,29,,,,3,,,,3.5,83,,,,,Y,N,,
LPG-01,1,200,133,2013,4,29,,,,3,,,,9.5,43,,,,,Y,N,,
LPG-01,1,200,134,2013,4,29,,,,3,,,,3.9,30,,,,,Y,N,,
LPG-01,1,200,135,2013,4,29,,,,3,,,,3.2,111,,,,,Y,N,,
LPG-01,1,200,136,2013,4,29,,,,2,,,,2.3,82,,,,,Y,N,,
LPG-01,1,200,137,2013,4,29,,,,2,,,,4,73,,,,,Y,N,,
LPG-01,1,200,138,2013,4,29,,,,1,,,,3.3,95,,,,,Y,N,,
LPG-01,1,200,139,2013,4,29,,,,4,,,,5.1,35,,,,,Y,N,,
LPG-01,1,200,140,2013,4,29,,,,3,,,,4.5,31,,,,,Y,N,,
LPG-01,1,200,141,2013,4,29,,,,3,,,,5.5,20,,,,,Y,N,,
LPG-01,1,200,142,2013,4,29,,,,3,,,,2.8,56,,,,,Y,N,,
LPG-01,1,200,143,2013,4,29,,,,3,,,,2.7,95,,,,,Y,N,,
LPG-01,1,200,144,2013,4,29,,,,4,,,,2.7,58,,,,,Y,N,,
LPG-01,1,200,145,2013,4,29,,,,4,,,,3.2,33,,,,,Y,N,,
LPG-01,1,200,146,2013,4,29,,,,5,,,,9.3,31,,,,,Y,N,,
LPG-01,1,200,147,2013,4,29,,,,4,,,,4.5,17,,,,,Y,N,,
LPG-01,1,200,148,2013,4,29,,,,4,,,,2.8,53,,,,,Y,N,,
LPG-01,1,200,149,2013,4,29,,,,4,,,,2.9,37,,,,,Y,N,,
LPG-01,1,200,150,2013,4,29,,,,3,,,,3.5,52,,,,,Y,N,,
LPG-01,1,200,151,2013,4,29,,,,4,,,,2.3,45,,,,,Y,N,,
LPG-01,1,200,152,2013,4,29,,,,5,,,,3.5,27,,,,,Y,N,,
LPG-01,1,200,153,2013,4,29,,,,4,,,,5.8,13,,,,,Y,N,,
LPG-01,1,200,154,2013,4,29,,,,3,,,,2.6,72,,,,,Y,N,,
LPG-01,1,200,155,2013,4,29,,,,2,,,,2.6,55,,,,,Y,N,,
LPG-01,1,200,156,2013,4,29,,,,4,,,,2.7,34,,,,,Y,N,,
LPG-01,1,200,157,2013,4,29,,,,2,,,,2.5,63,,,,,Y,N,,
LPG-01,1,200,158,2013,4,29,,,,5,,,,3.3,25,,,,,Y,N,,
LPG-01,1,200,159,2013,4,29,,,,4,,,,2.1,62,,,,,Y,N,,
LPG-01,1,200,160,2013,4,29,,,,2,,,,2.9,29,,,,,Y,N,,
LPG-01,1,200,161,2013,4,29,,,,2,,,,2.2,32,,,,,Y,N,,
LPG-01,1,200,162,2013,4,29,,,,3,,,,2.2,27,,,,,Y,N,,
LPG-01,1,200,163,2013,4,29,,,,3,,,,2,54,,,,,Y,N,,
LPG-01,1,200,164,2013,4,29,,,,3,,,,4.8,13,,,,,Y,N,,
LPG-01,1,200,165,2013,4,29,,,,4,,,,3.2,25,,,,,Y,N,,
LPG-01,1,200,166,2013,4,29,,,,2,,,,2.6,50,,,,,Y,N,,
LPG-01,1,200,167,2013,4,29,,,,3,,,,3.6,27,,,,,Y,N,,
LPG-01,1,200,168,2013,4,29,,,,3,,,,4.5,27,,,,,Y,N,,
LPG-01,1,200,169,2013,4,29,,,,3,,,,3,28,,,,,Y,N,,
LPG-01,1,200,170,2013,4,29,,,,2,,,,2.1,47,,,,,Y,N,,
LPG-01,1,200,171,2013,4,29,,,,4,,,,4.2,22,,,,,Y,N,,
LPG-01,1,200,172,2013,4,29,,,,4,,,,4.4,18,,,,,Y,N,,
LPG-01,1,200,173,2013,4,29,,,,3,,,,2,53,,,,,Y,N,,
LPG-01,1,200,174,2013,4,29,,,,3,,,,3.1,21,,,,,Y,N,,
LPG-01,1,200,175,2013,4,29,,,,4,,,,2.9,29,,,,,Y,N,,
LPG-01,1,200,176,2013,4,29,,,,3,,,,2.2,52,,,,,Y,N,,
LPG-01,1,200,177,2013,4,29,,,,3,,,,2,29,,,,,Y,N,,
LPG-01,1,200,178,2013,4,29,,,,2,,,,3.5,26,,,,,Y,N,,
LPG-01,1,200,179,2013,4,29,,,,4,,,,2.4,57,,,,,Y,N,,
LPG-01,1,200,180,2013,4,29,,,,4,,,,3.1,20,,,,,Y,N,,
LPG-01,1,200,181,2013,4,29,,,,2,,,,3.1,21,,,,,Y,N,,
LPG-01,1,200,182,2013,4,29,,,,4,,,,4.3,19,,,,,Y,N,,
LPG-01,1,200,183,2013,4,29,,,,5,,,,3.9,10,,,,,Y,N,,
LPG-01,1,200,184,2013,4,29,,,,3,,,,2.9,15,,,,,Y,N,,
LPG-01,1,200,185,2013,4,29,,,,4,,,,2.6,23,,,,,Y,N,,
LPG-01,1,200,186,2013,4,29,,,,2,,,,3,13,,,,,Y,N,,
LPG-01,1,200,187,2013,4,29,,,,4,,,,4.6,19,,,,,Y,N,,
LPG-01,1,200,188,2013,4,29,,,,5,,,,2.8,13,,,,,Y,N,,
LPG-01,1,200,189,2013,4,29,,,,4,,,,2.7,20,,,,,Y,N,,
LPG-01,1,200,190,2013,4,29,,,,4,,,,3.8,11,,,,,Y,N,,
LPG-01,1,200,191,2013,4,29,,,,4,,,,2.3,18,,,,,Y,N,,
LPG-01,1,200,192,2013,4,29,,,,4,,,,2.5,15,,,,,Y,N,,
LPG-01,1,200,193,2013,4,29,,,,4,,,,3.3,10,,,,,Y,N,,
LPG-01,1,200,194,2013,4,29,,,,4,,,,12,87,,,,,Y,N,,
LPG-01,1,200,195,2013,4,29,,,,3,,,,11,100,,,,,Y,N,,
LPG-01,1,200,196,2013,4,29,,,,4,,,,14,62,,,,,Y,N,,
LPG-01,2,200,197,2013,4,29,,,,4,,,,14.1,53,,,,,Y,N,,
LPG-01,2,200,198,2013,4,29,,,,4,,,,13,53,,,,,Y,N,,
LPG-01,2,200,199,2013,4,29,,,,4,,,,7.4,24,,,,,Y,N,,
LPG-01,2,200,200,2013,4,29,,,,5,,,,7.1,15,,,,,Y,N,,
LPG-01,2,200,201,2013,4,29,,,,5,,,,9.5,23,,,,,Y,N,,
LPG-01,2,200,202,2013,4,29,,,,4,,,,4.9,20,,,,,Y,N,,
LPG-01,2,200,203,2013,4,29,,,,2,,,,5.3,72,,,,,Y,N,,
LPG-01,2,200,204,2013,4,29,,,,4,,,,4.8,52,,,,,Y,N,,
LPG-01,2,200,205,2013,4,29,,,,4,,,,6.6,21,,,,,Y,N,,
LPG-01,2,200,206,2013,4,29,,,,4,,,,4.9,24,,,,,Y,N,,
LPG-01,2,200,207,2013,4,29,,,,4,,,,5.7,31,,,,,Y,N,,
LPG-01,2,200,208,2013,4,29,,,,4,,,,5.4,28,,,,,Y,N,,
LPG-01,2,200,209,2013,4,29,,,,4,,,,6.1,34,,,,,Y,N,,
LPG-01,2,200,210,2013,4,29,,,,4,,,,6.3,37,,,,,Y,N,,
LPG-01,2,200,211,2013,4,29,,,,4,,,,5.1,56,,,,,Y,N,,
LPG-01,2,200,212,2013,4,29,,,,3,,,,5.5,42,,,,,Y,N,,
LPG-01,2,200,213,2013,4,29,,,,4,,,,3.9,88,,,,,Y,N,,
LPG-01,2,200,214,2013,4,29,,,,5,,,,5.2,22,,,,,Y,N,,
LPG-01,2,200,215,2013,4,29,,,,4,,,,4,12,,,,,Y,N,,
LPG-01,2,200,216,2013,4,29,,,,5,,,,3.7,10,,,,,Y,N,,
LPG-01,2,200,217,2013,4,29,,,,3,,,,4.4,120,,,,,Y,N,,
LPG-01,2,200,218,2013,4,29,,,,4,,,,3.8,53,,,,,Y,N,,
LPG-01,2,200,219,2013,4,29,,,,4,,,,3.5,30,,,,,Y,N,,
LPG-01,2,200,220,2013,4,29,,,,4,,,,3.3,86,,,,,Y,N,,
LPG-01,2,200,221,2013,4,29,,,,4,,,,4.2,115,,,,,Y,N,,
LPG-01,2,200,222,2013,4,29,,,,2,,,,3.2,245,,,,,Y,N,,
LPG-01,2,200,223,2013,4,29,,,,3,,,,2.6,88,,,,,Y,N,,
LPG-01,2,200,224,2013,4,29,,,,2,,,,2.9,110,,,,,Y,N,,
LPG-01,2,200,225,2013,4,29,,,,4,,,,3.5,215,,,,,Y,N,,
LPG-01,2,200,226,2013,4,29,,,,4,,,,2.8,60,,,,,Y,N,,
LPG-01,2,200,227,2013,4,29,,,,2,,,,3.1,235,,,,,Y,N,,
LPG-01,2,200,228,2013,4,29,,,,4,,,,3.4,62,,,,,Y,N,,
LPG-01,2,200,229,2013,4,29,,,,3,,,,2.3,79,,,,,Y,N,,
LPG-01,2,200,230,2013,4,29,,,,3,,,,2.1,62,,,,,Y,N,,
LPG-01,2,200,231,2013,4,29,,,,3,,,,3.1,85,,,,,Y,N,,
LPG-01,2,200,232,2013,4,29,,,,2,,,,2.4,87,,,,,Y,N,,
LPG-01,2,200,233,2013,4,29,,,,4,,,,2.2,67,,,,,Y,N,,
LPG-01,2,200,234,2013,4,29,,,,3,,,,3.5,33,,,,,Y,N,,
LPG-01,2,200,235,2013,4,29,,,,4,,,,2.6,105,,,,,Y,N,,
LPG-01,2,200,236,2013,4,29,,,,4,,,,3.8,29,,,,,Y,N,,
LPG-01,2,200,237,2013,4,29,,,,5,,,,5.2,13,,,,,Y,N,,
LPG-01,2,200,238,2013,4,29,,,,5,,,,3.9,14,,,,,Y,N,,
LPG-01,2,200,239,2013,4,29,,,,3,,,,2.8,69,,,,,Y,N,,
LPG-01,2,200,240,2013,4,29,,,,2,,,,2.9,55,,,,,Y,N,,
LPG-01,2,200,241,2013,4,29,,,,3,,,,2.3,73,,,,,Y,N,,
LPG-01,2,200,242,2013,4,29,,,,4,,,,3.1,23,,,,,Y,N,,
LPG-01,2,200,243,2013,4,29,,,,4,,,,3.4,22,,,,,Y,N,,
LPG-01,2,200,244,2013,4,29,,,,4,,,,2,106,,,,,Y,N,,
LPG-01,2,200,245,2013,4,29,,,,2,,,,2.5,44,,,,,Y,N,,
LPG-01,2,200,246,2013,4,29,,,,3,,,,2.3,79,,,,,Y,N,,
LPG-01,2,200,247,2013,4,29,,,,2,,,,2.5,32,,,,,Y,N,,
LPG-01,2,200,248,2013,4,29,,,,4,,,,4.7,48,,,,,Y,N,,
LPG-01,2,200,249,2013,4,29,,,,2,,,,3.3,43,,,,,Y,N,,
LPG-01,2,200,250,2013,4,29,,,,4,,,,2.2,51,,,,,Y,N,,
LPG-01,2,200,251,2013,4,29,,,,3,,,,2.5,35,,,,,Y,N,,
LPG-01,2,200,252,2013,4,29,,,,2,,,,2.9,106,,,,,Y,N,,
LPG-01,2,200,253,2013,4,29,,,,4,,,,2.4,50,,,,,Y,N,,
LPG-01,2,200,254,2013,4,29,,,,4,,,,2.5,58,,,,,Y,N,,
LPG-01,2,200,255,2013,4,29,,,,4,,,,2.2,61,,,,,Y,N,,
LPG-01,2,200,256,2013,4,29,,,,3,,,,2.5,60,,,,,Y,N,,
LPG-01,2,200,257,2013,4,29,,,,4,,,,2.1,113,,,,,Y,N,,
LPG-01,2,200,258,2013,4,29,,,,4,,,,2.5,25,,,,,Y,N,,
LPG-01,2,200,259,2013,4,29,,,,5,,,,3.5,57,,,,,Y,N,,
LPG-01,2,200,260,2013,4,29,,,,4,,,,3,32,,,,,Y,N,,
LPG-01,2,200,261,2013,4,29,,,,4,,,,3.3,29,,,,,Y,N,,
LPG-01,2,200,262,2013,4,29,,,,3,,,,2.1,61,,,,,Y,N,,
LPG-01,2,200,263,2013,4,29,,,,2,,,,2.1,49,,,,,Y,N,,
LPG-01,2,200,264,2013,4,29,,,,4,,,,2.1,110,,,,,Y,N,,
LPG-01,2,200,265,2013,4,29,,,,4,,,,2.5,59,,,,,Y,N,,
LPG-01,2,200,266,2013,4,29,,,,1,,,,2.8,53,,,,,Y,N,,
LPG-01,2,200,267,2013,4,29,,,,4,,,,2.5,48,,,,,Y,N,,
LPG-01,2,200,268,2013,4,29,,,,4,,,,2,61,,,,,Y,N,,
LPG-01,2,200,269,2013,4,29,,,,3,,,,2.1,55,,,,,Y,N,,
LPG-01,2,200,270,2013,4,29,,,,3,,,,2.1,74,,,,,Y,N,,
LPG-01,2,200,271,2013,4,29,,,,2,,,,2.5,44,,,,,Y,N,,
LPG-01,2,200,272,2013,4,29,,,,3,,,,2.2,71,,,,,Y,N,,
LPG-01,2,200,273,2013,4,29,,,,3,,,,2,25,,,,,Y,N,,
LPG-01,2,200,274,2013,4,29,,,,3,,,,2.9,49,,,,,Y,N,,
LPG-01,2,200,275,2013,4,29,,,,4,,,,3,30,,,,,Y,N,,
LPG-01,2,200,276,2013,4,29,,,,4,,,,2.9,45,,,,,Y,N,,
LPG-01,2,200,277,2013,4,29,,,,4,,,,2.3,41,,,,,Y,N,,
LPG-01,2,200,278,2013,4,29,,,,3,,,,2.2,55,,,,,Y,N,,
LPG-01,2,200,279,2013,4,29,,,,3,,,,2.5,22,,,,,Y,N,,
LPG-01,2,200,280,2013,4,29,,,,4,,,,2.9,21,,,,,Y,N,,
LPG-01,2,200,281,2013,4,29,,,,3,,,,2.1,15,,,,,Y,N,,
LPG-01,2,200,282,2013,4,29,,,,1,,,,2.6,52,,,,,Y,N,,
LPG-01,2,200,283,2013,4,29,,,,3,,,,2.2,41,,,,,Y,N,,
LPG-01,2,200,284,2013,4,29,,,,4,,,,2.3,21,,,,,Y,N,,
LPG-01,2,200,285,2013,4,29,,,,3,,,,2.2,52,,,,,Y,N,,
LPG-01,2,200,286,2013,4,29,,,,3,,,,2.1,46,,,,,Y,N,,
LPG-01,2,200,287,2013,4,29,,,,4,,,,4.3,15,,,,,Y,N,,
LPG-01,2,200,288,2013,4,29,,,,5,,,,4.8,10,,,,,Y,N,,
LPG-01,2,200,289,2013,4,29,,,,4,,,,2.9,15,,,,,Y,N,,
LPG-01,2,200,290,2013,4,29,,,,4,,,,2.2,29,,,,,Y,N,,
LPG-01,2,200,291,2013,4,29,,,,3,,,,2.5,27,,,,,Y,N,,
LPG-01,2,200,292,2013,4,29,,,,4,,,,2.1,50,,,,,Y,N,,
LPG-01,2,200,293,2013,4,29,,,,4,,,,2.6,17,,,,,Y,N,,
LPG-01,2,200,294,2013,4,29,,,,5,,,,2.8,10,,,,,Y,N,,
LPG-01,2,200,295,2013,4,29,,,,4,,,,2.4,20,,,,,Y,N,,
LPG-01,2,200,296,2013,4,29,,,,4,,,,2.5,15,,,,,Y,N,,
LPG-01,2,200,297,2013,4,29,,,,4,,,,2.5,15,,,,,Y,N,,
LPG-01,2,200,298,2013,4,29,,,,5,,,,3.7,8,,,,,Y,N,,
LPG-01,2,200,299,2013,4,29,,,,4,,,,4.1,15,,,,,Y,N,,
LPG-01,2,200,300,2013,4,29,,,,3,,,,7.5,60,,,,,Y,N,,
LPG-01,2,200,301,2013,4,29,,,,2,,,,7.9,114,,,,,Y,N,,
LPG-01,2,200,302,2013,4,29,,,,5,,,,8.8,45,,,,,Y,N,,
LPG-01,2,200,303,2013,4,29,,,,2,,,,6.3,58,,,,,Y,N,,
LPG-01,2,200,304,2013,4,29,,,,3,,,,6.2,56,,,,,Y,N,,
LPG-01,2,200,305,2013,4,29,,,,5,,,,8.9,86,,,,,Y,N,,
LPG-01,2,200,306,2013,4,29,,,,5,,,,9.5,79,,,,,Y,N,,
LPG-01,2,200,307,2013,4,29,,,,4,,,,7,39,,,,,Y,N,,
LPG-01,2,200,308,2013,4,29,,,,3,,,,6.5,50,,,,,Y,N,,
LPG-01,2,200,309,2013,4,29,,,,4,,,,8.3,53,,,,,Y,N,,
LPG-01,2,200,310,2013,4,29,,,,4,,,,8.1,137,,,,,Y,N,,
LPG-01,2,200,311,2013,4,29,,,,3,,,,6.5,75,,,,,Y,N,,
LPG-01,2,200,312,2013,4,29,,,,5,,,,7.7,29,,,,,Y,N,,
LPG-01,2,200,313,2013,4,29,,,,4,,,,6.5,25,,,,,Y,N,,
LPG-01,2,200,314,2013,4,29,,,,4,,,,6.9,143,,,,,Y,N,,
LPG-01,2,200,315,2013,4,29,,,,3,,,,7.9,111,,,,,Y,N,,
LPG-01,2,200,316,2013,4,29,,,,2,,,,7.2,67,,,,,Y,N,,
LPG-01,2,200,317,2013,4,29,,,,4,,,,4.5,47,,,,,Y,N,,
LPG-01,2,200,318,2013,4,29,,,,2,,,,6.3,285,,,,,Y,N,,
LPG-01,2,200,319,2013,4,29,,,,3,,,,4.8,67,,,,,Y,N,,
LPG-01,2,200,320,2013,4,29,,,,4,,,,5.1,60,,,,,Y,N,,
LPG-01,2,200,321,2013,4,29,,,,3,,,,4.8,48,,,,,Y,N,,
LPG-01,2,200,322,2013,4,29,,,,4,,,,5,41,,,,,Y,N,,
LPG-01,2,200,323,2013,4,29,,,,3,,,,7.7,47,,,,,Y,N,,
LPG-01,2,200,324,2013,4,29,,,,4,,,,5.5,28,,,,,Y,N,,
LPG-01,2,200,325,2013,4,29,,,,4,,,,7.7,36,,,,,Y,N,,
LPG-01,2,200,326,2013,4,29,,,,5,,,,8.2,21,,,,,Y,N,,
LPG-01,2,200,327,2013,4,29,,,,3,,,,7.5,32,,,,,Y,N,,
LPG-01,2,200,328,2013,4,29,,,,5,,,,4.6,17,,,,,Y,N,,
LPG-01,2,200,329,2013,4,29,,,,4,,,,4.8,27,,,,,Y,N,,
LPG-01,2,200,330,2013,4,29,,,,3,,,,8.2,22,,,,,Y,N,,
LPG-01,2,200,331,2013,4,29,,,,4,,,,4,95,,,,,Y,N,,
LPG-01,2,200,332,2013,4,29,,,,3,,,,3.9,197,,,,,Y,N,,
LPG-01,2,200,333,2013,4,29,,,,3,,,,4.1,59,,,,,Y,N,,
LPG-01,2,200,334,2013,4,29,,,,3,,,,7.8,33,,,,,Y,N,,
LPG-01,2,200,335,2013,4,29,,,,3,,,,8.1,17,,,,,Y,N,,
LPG-01,2,200,336,2013,4,29,,,,3,,,,4.4,21,,,,,Y,N,,
LPG-01,2,200,337,2013,4,29,,,,3,,,,4.3,35,,,,,Y,N,,
LPG-01,2,200,338,2013,4,29,,,,3,,,,2.3,160,,,,,Y,N,,
LPG-01,2,200,339,2013,4,29,,,,2,,,,3.1,68,,,,,Y,N,,
LPG-01,2,200,340,2013,4,29,,,,4,,,,3.4,40,,,,,Y,N,,
LPG-01,2,200,341,2013,4,29,,,,5,,,,2.9,28,,,,,Y,N,,
LPG-01,2,200,342,2013,4,29,,,,2,,,,2.8,43,,,,,Y,N,,
LPG-01,2,200,343,2013,4,29,,,,4,,,,2.8,41,,,,,Y,N,,
LPG-01,2,200,344,2013,4,29,,,,3,,,,4.5,23,,,,,Y,N,,
LPG-01,2,200,345,2013,4,29,,,,3,,,,3.5,25,,,,,Y,N,,
LPG-01,2,200,346,2013,4,29,,,,3,,,,3.8,41,,,,,Y,N,,
LPG-01,2,200,347,2013,4,29,,,,NA,,,,3.8,36,,,,,Y,N,,
LPG-01,2,200,348,2013,4,29,,,,4,,,,4.3,25,,,,,Y,N,,
LPG-01,2,200,349,2013,4,29,,,,4,,,,3.7,31,,,,,Y,N,,
LPG-01,2,200,350,2013,4,29,,,,3,,,,3.5,33,,,,,Y,N,,
LPG-01,2,200,351,2013,4,29,,,,3,,,,2.9,22,,,,,Y,N,,
LPG-01,2,200,352,2013,4,29,,,,2,,,,3.1,49,,,,,Y,N,,
LPG-01,2,200,353,2013,4,29,,,,3,,,,4.4,12,,,,,Y,N,,
LPG-01,2,200,354,2013,4,29,,,,5,,,,3.9,12,,,,,Y,N,,
LPG-01,2,200,355,2013,4,29,,,,4,,,,3.7,60,,,,,Y,N,,
LPG-01,2,200,356,2013,4,29,,,,4,,,,3.1,25,,,,,Y,N,,
LPG-01,2,200,357,2013,4,29,,,,3,,,,2.2,76,,,,,Y,N,,
LPG-01,2,200,358,2013,4,29,,,,4,,,,2.5,39,,,,,Y,N,,
LPG-01,2,200,359,2013,4,29,,,,3,,,,2.2,80,,,,,Y,N,,
LPG-01,2,200,360,2013,4,29,,,,3,,,,2.4,56,,,,,Y,N,,
LPG-01,2,200,361,2013,4,29,,,,3,,,,2.8,72,,,,,Y,N,,
LPG-01,2,200,362,2013,4,29,,,,3,,,,3.2,55,,,,,Y,N,,
LPG-01,2,200,363,2013,4,29,,,,2,,,,4.1,33,,,,,Y,N,,
LPG-01,2,200,364,2013,4,29,,,,4,,,,3.2,36,,,,,Y,N,,
LPG-01,2,200,365,2013,4,29,,,,3,,,,3.6,42,,,,,Y,N,,
LPG-01,2,200,366,2013,4,29,,,,4,,,,2.5,39,,,,,Y,N,,
LPG-01,2,200,367,2013,4,29,,,,4,,,,2.7,29,,,,,Y,N,,
LPG-01,2,200,368,2013,4,29,,,,3,,,,2.5,26,,,,,Y,N,,
LPG-01,2,200,369,2013,4,29,,,,3,,,,2.9,21,,,,,Y,N,,
LPG-01,2,200,370,2013,4,29,,,,3,,,,3,16,,,,,Y,N,,
LPG-01,2,200,371,2013,4,29,,,,3,,,,3.2,48,,,,,Y,N,,
LPG-01,2,200,372,2013,4,29,,,,2,,,,2.7,37,,,,,Y,N,,
LPG-01,2,200,373,2013,4,29,,,,4,,,,2.5,20,,,,,Y,N,,
LPG-01,2,200,374,2013,4,29,,,,3,,,,2.5,48,,,,,Y,N,,
LPG-01,2,200,375,2013,4,29,,,,3,,,,3.5,24,,,,,Y,N,,
LPG-01,2,200,376,2013,4,29,,,,1,,,,2.2,61,,,,,Y,N,,
LPG-01,2,200,377,2013,4,29,,,,3,,,,2,92,,,,,Y,N,,
LPG-01,2,200,378,2013,4,29,,,,3,,,,2.2,25,,,,,Y,N,,
LPG-01,2,200,379,2013,4,29,,,,4,,,,2,64,,,,,Y,N,,
LPG-01,2,200,380,2013,4,29,,,,4,,,,3.1,51,,,,,Y,N,,
LPG-01,2,200,381,2013,4,29,,,,4,,,,3.8,23,,,,,Y,N,,
LPG-01,2,200,382,2013,4,29,,,,4,,,,2.5,20,,,,,Y,N,,
LPG-01,2,200,383,2013,4,29,,,,4,,,,3,19,,,,,Y,N,,
LPG-01,2,200,384,2013,4,29,,,,3,,,,3.3,20,,,,,Y,N,,
LPG-01,2,200,385,2013,4,29,,,,3,,,,3.5,23,,,,,Y,N,,
LPG-01,2,200,386,2013,4,29,,,,3,,,,2.1,34,,,,,Y,N,,
LPG-01,2,200,387,2013,4,29,,,,4,,,,2.3,19,,,,,Y,N,,
LPG-01,2,200,388,2013,4,29,,,,3,,,,3.1,30,,,,,Y,N,,
LPG-01,2,200,389,2013,4,29,,,,3,,,,2.8,18,,,,,Y,N,,
LPG-01,2,200,390,2013,4,29,,,,4,,,,3.3,36,,,,,Y,N,,
LPG-01,2,200,391,2013,4,29,,,,5,,,,4.4,8,,,,,Y,N,,
LPG-01,2,200,392,2013,4,29,,,,4,,,,3.9,9,,,,,Y,N,,
LPG-01,2,200,393,2013,4,29,,,,4,,,,2.3,32,,,,,Y,N,,
LPG-01,2,200,394,2013,4,29,,,,4,,,,2.6,16,,,,,Y,N,,
LPG-01,2,200,395,2013,4,29,,,,5,,,,2.4,23,,,,,Y,N,,
LPG-01,2,200,396,2013,4,29,,,,4,,,,3.4,10,,,,,Y,N,,
LPG-01,2,200,397,2013,4,29,,,,4,,,,2.2,30,,,,,Y,N,,
LPG-01,2,200,398,2013,4,29,,,,4,,,,2.2,32,,,,,Y,N,,
LPG-01,2,200,399,2013,4,29,,,,3,,,,17.3,100,,,,,Y,N,,
LPG-01,2,200,400,2013,4,29,,,,1,,,,13.4,100,,,,,Y,N,,
LPG-01,2,200,401,2013,4,29,,,,2,,,,4.9,100,,,,,Y,N,,
LPG-01,2,200,402,2013,4,29,,,,3,,,,7.9,210,,,,,Y,N,,
LPG-01,2,200,403,2013,4,29,,,,4,,,,37,50,,,,,Y,N,,
LPG-01,3,200,404,2013,4,29,,,,2,,,,2.5,64,,,,,Y,N,,
LPG-01,3,200,405,2013,4,29,,,,3,,,,3.2,60,,,,,Y,N,,
LPG-01,3,200,406,2013,4,29,,,,4,,,,2.1,83,,,,,Y,N,,
LPG-01,3,200,407,2013,4,29,,,,3,,,,2.1,63,,,,,Y,N,,
LPG-01,3,200,408,2013,4,29,,,,3,,,,2.1,113,,,,,Y,N,,
LPG-01,3,200,409,2013,4,29,,,,3,,,,2,120,,,,,Y,N,,
LPG-01,3,200,410,2013,4,29,,,,4,,,,2.4,72,,,,,Y,N,,
LPG-01,3,200,411,2013,4,29,,,,4,,,,2.5,25,,,,,Y,N,,
LPG-01,3,200,412,2013,4,29,,,,3,,,,4.8,57,,,,,Y,N,,
LPG-01,3,200,413,2013,4,29,,,,3,,,,3.8,32,,,,,Y,N,,
LPG-01,3,200,414,2013,4,29,,,,3,,,,3.2,40,,,,,Y,N,,
LPG-01,3,200,415,2013,4,29,,,,3,,,,3,16,,,,,Y,N,,
LPG-01,3,200,416,2013,4,29,,,,3,,,,4.7,22,,,,,Y,N,,
LPG-01,3,200,417,2013,4,29,,,,3,,,,2.8,26,,,,,Y,N,,
LPG-01,3,200,418,2013,4,29,,,,4,,,,3.5,88,,,,,Y,N,,
LPG-01,3,200,419,2013,4,29,,,,3,,,,4,80,,,,,Y,N,,
LPG-01,3,200,420,2013,4,29,,,,4,,,,3.5,35,,,,,Y,N,,
LPG-01,3,200,421,2013,4,29,,,,3,,,,3.1,11,,,,,Y,N,,
LPG-01,3,200,422,2013,4,29,,,,4,,,,5.5,47,,,,,Y,N,,
LPG-01,3,200,423,2013,4,29,,,,4,,,,3.8,14,,,,,Y,N,,
LPG-01,3,200,424,2013,4,29,,,,4,,,,3.1,15,,,,,Y,N,,
LPG-01,3,200,425,2013,4,29,,,,3,,,,2.5,56,,,,,Y,N,,
LPG-01,3,200,426,2013,4,29,,,,4,,,,3.3,15,,,,,Y,N,,
LPG-01,3,200,427,2013,4,29,,,,4,,,,3,72,,,,,Y,N,,
LPG-01,3,200,428,2013,4,29,,,,4,,,,2.5,26,,,,,Y,N,,
LPG-01,3,200,429,2013,4,29,,,,3,,,,4.5,55,,,,,Y,N,,
LPG-01,3,200,430,2013,4,29,,,,4,,,,4.5,30,,,,,Y,N,,
LPG-01,3,200,431,2013,4,29,,,,3,,,,4.4,41,,,,,Y,N,,
LPG-01,3,200,432,2013,4,29,,,,3,,,,2.6,70,,,,,Y,N,,
LPG-01,3,200,433,2013,4,29,,,,4,,,,2.7,20,,,,,Y,N,,
LPG-01,3,200,434,2013,4,29,,,,4,,,,3.1,30,,,,,Y,N,,
LPG-01,3,200,435,2013,4,29,,,,4,,,,5.2,60,,,,,Y,N,,
LPG-01,3,200,436,2013,4,29,,,,5,,,,6.1,39,,,,,Y,N,,
LPG-01,3,200,437,2013,4,29,,,,4,,,,11.5,16,,,,,Y,N,,
LPG-01,3,200,438,2013,4,29,,,,4,,,,7.4,48,,,,,Y,N,,
LPG-01,3,200,439,2013,4,29,,,,4,,,,3.3,30,,,,,Y,N,,
LPG-01,3,200,440,2013,4,29,,,,4,,,,2.7,112,,,,,Y,N,,
LPG-01,3,200,441,2013,4,29,,,,4,,,,2.7,46,,,,,Y,N,,
LPG-01,3,200,442,2013,4,29,,,,2,,,,2.5,58,,,,,Y,N,,
LPG-01,3,200,443,2013,4,29,,,,3,,,,2.7,35,,,,,Y,N,,
LPG-01,3,200,444,2013,4,29,,,,5,,,,3.7,17,,,,,Y,N,,
LPG-01,3,200,445,2013,4,29,,,,4,,,,4.5,60,,,,,Y,N,,
LPG-01,3,200,446,2013,4,29,,,,4,,,,2.4,27,,,,,Y,N,,
LPG-01,3,200,447,2013,4,29,,,,4,,,,2.7,26,,,,,Y,N,,
LPG-01,3,200,448,2013,4,29,,,,4,,,,3.6,35,,,,,Y,N,,
LPG-01,3,200,449,2013,4,29,,,,4,,,,3.5,24,,,,,Y,N,,
LPG-01,3,200,450,2013,4,29,,,,5,,,,11.8,15,,,,,Y,N,,
LPG-01,3,200,451,2013,4,29,,,,4,,,,3,31,,,,,Y,N,,
LPG-01,3,200,452,2013,4,29,,,,3,,,,4.6,24,,,,,Y,N,,
LPG-01,3,200,453,2013,4,29,,,,3,,,,12,31,,,,,Y,N,,
LPG-01,3,200,454,2013,4,29,,,,4,,,,5.5,20,,,,,Y,N,,
LPG-01,3,200,455,2013,4,29,,,,4,,,,2.3,35,,,,,Y,N,,
LPG-01,3,200,456,2013,4,29,,,,3,,,,2.1,66,,,,,Y,N,,
LPG-01,3,200,457,2013,4,29,,,,4,,,,5.3,23,,,,,Y,N,,
LPG-01,3,200,458,2013,4,29,,,,5,,,,8.7,30,,,,,Y,N,,
LPG-01,3,200,459,2013,4,29,,,,5,,,,9,19,,,,,Y,N,,
LPG-01,3,200,460,2013,4,29,,,,4,,,,4.8,9,,,,,Y,N,,
LPG-01,3,200,461,2013,4,29,,,,3,,,,2.4,48,,,,,Y,N,,
LPG-01,3,200,462,2013,4,29,,,,3,,,,2.9,42,,,,,Y,N,,
LPG-01,3,200,463,2013,4,29,,,,4,,,,14.1,37,,,,,Y,N,,
LPG-01,3,200,464,2013,4,29,,,,4,,,,13.5,41,,,,,Y,N,,
LPG-01,3,200,465,2013,4,29,,,,3,,,,2.8,27,,,,,Y,N,,
LPG-01,3,200,466,2013,4,29,,,,5,,,,3.1,8,,,,,Y,N,,
LPG-01,3,200,467,2013,4,29,,,,4,,,,3.9,10,,,,,Y,N,,
LPG-01,3,200,468,2013,4,29,,,,3,,,,3.1,55,,,,,Y,N,,
LPG-01,3,200,469,2013,4,29,,,,4,,,,2.1,30,,,,,Y,N,,
LPG-01,3,200,470,2013,4,29,,,,4,,,,3.4,13,,,,,Y,N,,
LPG-01,3,200,471,2013,4,29,,,,3,,,,3.3,10,,,,,Y,N,,
LPG-01,3,200,472,2013,4,29,,,,4,,,,6.4,150,,,,,Y,N,,
LPG-01,3,200,473,2013,4,29,,,,3,,,,2.2,44,,,,,Y,N,,
LPG-01,3,200,474,2013,4,29,,,,3,,,,3.3,17,,,,,Y,N,,
LPG-01,3,200,475,2013,4,29,,,,3,,,,2.7,50,,,,,Y,N,,
LPG-01,3,200,476,2013,4,29,,,,3,,,,2.3,30,,,,,Y,N,,
LPG-01,3,200,477,2013,4,29,,,,4,,,,2.5,22,,,,,Y,N,,
LPG-01,3,200,478,2013,4,29,,,,3,,,,7.7,117,,,,,Y,N,,
LPG-01,3,200,479,2013,4,29,,,,3,,,,2.2,32,,,,,Y,N,,
LPG-01,3,200,480,2013,4,29,,,,4,,,,2.9,51,,,,,Y,N,,
LPG-01,3,200,481,2013,4,29,,,,4,,,,10.8,28,,,,,Y,N,,
LPG-01,3,200,482,2013,4,29,,,,5,,,,6.5,11,,,,,Y,N,,
LPG-01,3,200,483,2013,4,29,,,,4,,,,3.9,62,,,,,Y,N,,
LPG-01,3,200,484,2013,4,29,,,,3,,,,7.1,45,,,,,Y,N,,
LPG-01,3,200,485,2013,4,29,,,,3,,,,3,16,,,,,Y,N,,
LPG-01,3,200,486,2013,4,29,,,,2,,,,14.8,37,,,,,Y,N,,
LPG-01,3,200,487,2013,4,29,,,,3,,,,3.7,16,,,,,Y,N,,
LPG-01,3,200,488,2013,4,29,,,,4,,,,4.7,70,,,,,Y,N,,
LPG-01,3,200,489,2013,4,29,,,,4,,,,3.2,52,,,,,Y,N,,
LPG-01,3,200,490,2013,4,29,,,,3,,,,2.2,56,,,,,Y,N,,
LPG-01,3,200,491,2013,4,29,,,,4,,,,3.1,37,,,,,Y,N,,
LPG-01,3,200,492,2013,4,29,,,,5,,,,3.5,16,,,,,Y,N,,
LPG-01,3,200,493,2013,4,29,,,,4,,,,2.9,7,,,,,Y,N,,
LPG-01,3,200,494,2013,4,29,,,,4,,,,6.1,54,,,,,Y,N,,
LPG-01,3,200,495,2013,4,29,,,,4,,,,4.3,68,,,,,Y,N,,
LPG-01,3,200,496,2013,4,29,,,,4,,,,4.6,68,,,,,Y,N,,
LPG-01,3,200,497,2013,4,29,,,,3,,,,4.2,35,,,,,Y,N,,
LPG-01,3,200,498,2013,4,29,,,,4,,,,4.5,75,,,,,Y,N,,
LPG-01,3,200,499,2013,4,29,,,,4,,,,3.6,42,,,,,Y,N,,
LPG-01,3,200,500,2013,4,29,,,,3,,,,14.3,40,,,,,Y,N,,
LPG-01,3,200,501,2013,4,29,,,,5,,,,13.2,80,,,,,Y,N,,
LPG-01,3,200,502,2013,4,29,,,,4,,,,5.9,20,,,,,Y,N,,
LPG-01,3,200,503,2013,4,29,,,,5,,,,6.5,33,,,,,Y,N,,
LPG-01,3,200,504,2013,4,29,,,,4,,,,8,70,,,,,Y,N,,
LPG-01,3,200,505,2013,4,29,,,,4,,,,6,65,,,,,Y,N,,
LPG-01,3,200,506,2013,4,29,,,,4,,,,5.7,70,,,,,Y,N,,
LPG-01,3,200,507,2013,4,29,,,,4,,,,2.1,30,,,,,Y,N,,
LPG-01,3,200,508,2013,4,29,,,,4,,,,6.3,115,,,,,Y,N,,
LPG-01,3,200,509,2013,4,29,,,,4,,,,6.4,75,,,,,Y,N,,
LPG-01,3,200,510,2013,4,29,,,,4,,,,5,42,,,,,Y,N,,
LPG-01,3,200,511,2013,4,29,,,,2,,,,8.9,82,,,,,Y,N,,
LPG-01,3,200,512,2013,4,29,,,,4,,,,7.8,70,,,,,Y,N,,
LPG-01,3,200,513,2013,4,29,,,,3,,,,8.8,121,,,,,Y,N,,
LPG-01,3,200,514,2013,4,29,,,,3,,,,4.7,71,,,,,Y,N,,
LPG-01,3,200,515,2013,4,29,,,,3,,,,6.2,43,,,,,Y,N,,
LPG-01,3,200,516,2013,4,29,,,,3,,,,5.1,47,,,,,Y,N,,
LPG-01,3,200,517,2013,4,29,,,,4,,,,2.2,15,,,,,Y,N,,
LPG-01,3,200,518,2013,4,29,,,,4,,,,2.6,8,,,,,Y,N,,
LPG-01,3,200,519,2013,4,29,,,,4,,,,2.7,30,,,,,Y,N,,
LPG-01,3,200,520,2013,4,29,,,,2,,,,2.4,26,,,,,Y,N,,
LPG-01,3,200,521,2013,4,29,,,,4,,,,2.2,33,,,,,Y,N,,
LPG-01,3,200,522,2013,4,29,,,,4,,,,2.5,49,,,,,Y,N,,
LPG-01,3,200,523,2013,4,29,,,,3,,,,2.3,21,,,,,Y,N,,
LPG-01,3,200,524,2013,4,29,,,,3,,,,3,20,,,,,Y,N,,
LPG-01,3,200,525,2013,4,29,,,,3,,,,2.7,18,,,,,Y,N,,
LPG-01,3,200,526,2013,4,29,,,,3,,,,2.3,25,,,,,Y,N,,
LPG-01,3,200,527,2013,4,29,,,,3,,,,2.4,12,,,,,Y,N,,
LPG-01,3,200,528,2013,4,29,,,,2,,,,2.5,30,,,,,Y,N,,
LPG-01,3,200,529,2013,4,29,,,,4,,,,2.4,35,,,,,Y,N,,
LPG-01,3,200,530,2013,4,29,,,,4,,,,2.3,22,,,,,Y,N,,
LPG-01,3,200,531,2013,4,29,,,,4,,,,2.5,21,,,,,Y,N,,
LPG-01,3,200,532,2013,4,29,,,,3,,,,2.6,17,,,,,Y,N,,
LPG-01,3,200,533,2013,4,29,,,,4,,,,2.2,19,,,,,Y,N,,
LPG-01,3,200,534,2013,4,29,,,,4,,,,3.2,7,,,,,Y,N,,
LPG-01,3,200,535,2013,4,29,,,,3,,,,2.1,60,,,,,Y,N,,
LPG-01,3,200,536,2013,4,29,,,,4,,,,2.2,22,,,,,Y,N,,
LPG-01,3,200,537,2013,4,29,,,,4,,,,2.5,31,,,,,Y,N,,
LPG-01,3,200,538,2013,4,29,,,,3,,,,4.7,10,,,,,Y,N,,
LPG-01,3,200,539,2013,4,29,,,,4,,,,2.5,10,,,,,Y,N,,
LPG-01,3,200,540,2013,4,29,,,,3,,,,3.4,9,,,,,Y,N,,
LPG-01,3,200,541,2013,4,29,,,,4,,,,3.2,18,,,,,Y,N,,
LPG-01,3,200,542,2013,4,29,,,,3,,,,2.6,13,,,,,Y,N,,
LPG-01,3,200,543,2013,4,29,,,,3,,,,2.1,24,,,,,Y,N,,
LPG-01,3,200,544,2013,4,29,,,,5,,,,3.1,15,,,,,Y,N,,
LPG-01,3,200,545,2013,4,29,,,,4,,,,2.2,22,,,,,Y,N,,
LPG-01,3,200,546,2013,4,29,,,,4,,,,3.2,10,,,,,Y,N,,
LPG-01,3,200,547,2013,4,29,,,,3,,,,2,15,,,,,Y,N,,
LPG-01,3,200,548,2013,4,29,,,,4,,,,2.1,21,,,,,Y,N,,
LPG-01,3,200,549,2013,4,29,,,,3,,,,2.1,19,,,,,Y,N,,
LPG-01,3,200,550,2013,4,29,,,,5,,,,4.3,11,,,,,Y,N,,
LPG-01,3,200,551,2013,4,29,,,,4,,,,2.5,20,,,,,Y,N,,
LPG-01,3,200,552,2013,4,29,,,,3,,,,2.1,15,,,,,Y,N,,
LPG-01,3,200,553,2013,4,29,,,,4,,,,2.3,15,,,,,Y,N,,
LPG-01,3,200,554,2013,4,29,,,,3,,,,2.1,21,,,,,Y,N,,
LPG-01,3,200,555,2013,4,29,,,,5,,,,2.3,8,,,,,Y,N,,
LPG-01,3,200,556,2013,4,29,,,,3,,,,2.8,12,,,,,Y,N,,
LPG-01,3,200,557,2013,4,29,,,,4,,,,2.5,18,,,,,Y,N,,
LPG-01,3,200,558,2013,4,29,,,,4,,,,2.5,10,,,,,Y,N,,
LPG-01,3,200,559,2013,4,29,,,,3,,,,3,7,,,,,Y,N,,
LPG-01,3,200,560,2013,4,29,,,,3,,,,2.8,7,,,,,Y,N,,
LPG-01,3,200,561,2013,4,29,,,,4,,,,2.3,7,,,,,Y,N,,
LPG-01,3,200,562,2013,4,29,,,,4,,,,2.4,43,,,,,Y,N,,
LPG-01,3,200,563,2013,4,29,,,,4,,,,4.6,10,,,,,Y,N,,
LPG-01,3,200,564,2013,4,29,,,,4,,,,2.6,12,,,,,Y,N,,
LPG-01,3,200,565,2013,4,29,,,,3,,,,4.2,41,,,,,Y,N,,
LPG-01,3,200,566,2013,4,29,,,,4,,,,4.3,55,,,,,Y,N,,
LPG-01,3,200,567,2013,4,29,,,,3,,,,10,51,,,,,Y,N,,
LPG-01,3,200,568,2013,4,29,,,,3,,,,5.1,52,,,,,Y,N,,
LPG-01,3,200,569,2013,4,29,,,,4,,,,7.4,112,,,,,Y,N,,
LPG-01,3,200,570,2013,4,29,,,,3,,,,3.5,54,,,,,Y,N,,
LPG-01,3,200,571,2013,4,29,,,,3,,,,3.8,38,,,,,Y,N,,
LPG-01,3,200,572,2013,4,29,,,,2,,,,3.7,71,,,,,Y,N,,
LPG-01,3,200,573,2013,4,29,,,,3,,,,4.3,46,,,,,Y,N,,
LPG-01,3,200,574,2013,4,29,,,,4,,,,5.7,60,,,,,Y,N,,
LPG-01,3,200,575,2013,4,29,,,,4,,,,21.7,83,,,,,Y,N,,
LPG-01,3,200,576,2013,4,29,,,,5,,,,3.5,10,,,,,Y,N,,
LPG-01,3,200,577,2013,4,29,,,,4,,,,6.3,23,,,,,Y,N,,
LPG-01,3,200,578,2013,4,29,,,,5,,,,8.7,19,,,,,Y,N,,
LPG-01,3,200,579,2013,4,29,,,,4,,,,3.1,22,,,,,Y,N,,
LPG-01,3,200,580,2013,4,29,,,,3,,,,7,21,,,,,Y,N,,
LPG-01,3,200,581,2013,4,29,,,,4,,,,2.8,25,,,,,Y,N,,
LPG-01,3,200,582,2013,4,29,,,,4,,,,5.9,29,,,,,Y,N,,
LPG-01,3,200,583,2013,4,29,,,,4,,,,2.8,29,,,,,Y,N,,
LPG-01,3,200,584,2013,4,29,,,,3,,,,4.8,35,,,,,Y,N,,
LPG-01,3,200,585,2013,4,29,,,,4,,,,2.8,11,,,,,Y,N,,
LPG-01,3,200,586,2013,4,29,,,,3,,,,5.2,35,,,,,Y,N,,
LPG-01,3,200,587,2013,4,29,,,,4,,,,3.3,35,,,,,Y,N,,
LPG-01,3,200,588,2013,4,29,,,,4,,,,7.3,11,,,,,Y,N,,
LPG-01,3,200,589,2013,4,29,,,,4,,,,6,15,,,,,Y,N,,
LPG-01,3,200,590,2013,4,29,,,,3,,,,2.5,26,,,,,Y,N,,
LPG-01,3,200,591,2013,4,29,,,,3,,,,4.3,31,,,,,Y,N,,
LPG-01,3,200,592,2013,4,29,,,,3,,,,2,20,,,,,Y,N,,
LPG-01,3,200,593,2013,4,29,,,,4,,,,3.6,16,,,,,Y,N,,
LPG-01,3,200,594,2013,4,29,,,,3,,,,2.1,28,,,,,Y,N,,
LPG-01,3,200,595,2013,4,29,,,,3,,,,3,53,,,,,Y,N,,
LPG-01,3,200,596,2013,4,29,,,,5,,,,2.5,15,,,,,Y,N,,
LPG-01,3,200,597,2013,4,29,,,,3,,,,2.5,42,,,,,Y,N,,
LPG-01,3,200,598,2013,4,29,,,,5,,,,3.1,14,,,,,Y,N,,
LPG-01,3,200,599,2013,4,29,,,,4,,,,2.4,27,,,,,Y,N,,
LPG-01,3,200,600,2013,4,29,,,,3,,,,3,26,,,,,Y,N,,
LPG-01,3,200,601,2013,4,29,,,,4,,,,3.1,68,,,,,Y,N,,
LPG-01,3,200,602,2013,4,29,,,,5,,,,3.2,12,,,,,Y,N,,
LPG-01,3,200,603,2013,4,29,,,,4,,,,8.5,39,,,,,Y,N,,
LPG-01,3,200,604,2013,4,29,,,,4,,,,2.8,18,,,,,Y,N,,
LPG-01,3,200,605,2013,4,29,,,,3,,,,2.9,32,,,,,Y,N,,
LPG-01,3,200,606,2013,4,29,,,,3,,,,2.9,20,,,,,Y,N,,
LPG-01,3,200,607,2013,4,29,,,,4,,,,3.4,31,,,,,Y,N,,
LPG-01,3,200,608,2013,4,29,,,,5,,,,3.1,20,,,,,Y,N,,
LPG-01,3,200,609,2013,4,29,,,,3,,,,2.5,37,,,,,Y,N,,
LPG-01,3,200,610,2013,4,29,,,,5,,,,3.1,12,,,,,Y,N,,
LPG-01,3,200,611,2013,4,29,,,,2,,,,3.1,31,,,,,Y,N,,
LPG-01,3,200,612,2013,4,29,,,,4,,,,2.4,20,,,,,Y,N,,
LPG-01,3,200,613,2013,4,29,,,,3,,,,3.3,25,,,,,Y,N,,
LPG-01,3,200,614,2013,4,29,,,,3,,,,3.1,73,,,,,Y,N,,
LPG-01,3,200,615,2013,4,29,,,,4,,,,2.1,35,,,,,Y,N,,
LPG-01,3,200,616,2013,4,29,,,,4,,,,4.1,22,,,,,Y,N,,
LPG-01,3,200,617,2013,4,29,,,,3,,,,2.3,38,,,,,Y,N,,
LPG-01,3,200,618,2013,4,29,,,,2,,,,2.4,75,,,,,Y,N,,
LPG-01,3,200,619,2013,4,29,,,,3,,,,2.5,41,,,,,Y,N,,
LPG-01,3,200,620,2013,4,29,,,,3,,,,2.3,25,,,,,Y,N,,
LPG-01,3,200,621,2013,4,29,,,,2,,,,2.1,31,,,,,Y,N,,
LPG-01,3,200,622,2013,4,29,,,,3,,,,2,15,,,,,Y,N,,
LPG-01,3,200,623,2013,4,29,,,,5,,,,4.6,10,,,,,Y,N,,
LPG-01,3,200,624,2013,4,29,,,,4,,,,3.2,7,,,,,Y,N,,
LPG-01,3,200,625,2013,4,29,,,,3,,,,2.3,33,,,,,Y,N,,
LPG-01,3,200,626,2013,4,29,,,,5,,,,2.4,13,,,,,Y,N,,
LPG-01,3,200,627,2013,4,29,,,,3,,,,2.9,33,,,,,Y,N,,
LPG-01,3,200,628,2013,4,29,,,,5,,,,2.7,10,,,,,Y,N,,
LPG-01,3,200,629,2013,4,29,,,,5,,,,2.5,6,,,,,Y,N,,
LPG-01,3,200,630,2013,4,29,,,,4,,,,2.8,18,,,,,Y,N,,
LPG-01,3,200,631,2013,4,29,,,,3,,,,2.1,36,,,,,Y,N,,
LPG-01,3,200,632,2013,4,29,,,,5,,,,2.5,11,,,,,Y,N,,
LPG-01,3,200,633,2013,4,29,,,,5,,,,3.8,16,,,,,Y,N,,
LPG-01,3,200,634,2013,4,29,,,,4,,,,2.1,11,,,,,Y,N,,
LPG-01,3,200,635,2013,4,29,,,,4,,,,2.1,21,,,,,Y,N,,
LPG-01,3,200,636,2013,4,29,,,,3,,,,2.3,12,,,,,Y,N,,
LPG-01,3,200,637,2013,4,29,,,,5,,,,2.6,16,,,,,Y,N,,
LPG-01,3,200,638,2013,4,29,,,,3,,,,2.2,10,,,,,Y,N,,
LPG-01,3,200,639,2013,4,29,,,,3,,,,2.1,52,,,,,Y,N,,
LPG-01,3,200,640,2013,4,29,,,,3,,,,2.2,9,,,,,Y,N,,
LPG-01,3,200,641,2013,4,29,,,,3,,,,2.3,34,,,,,Y,N,,
LPG-01,3,200,642,2013,4,29,,,,5,,,,2.3,12,,,,,Y,N,,
LPG-01,3,200,643,2013,4,29,,,,4,,,,2.9,6,,,,,Y,N,,
LPG-01,3,200,644,2013,4,29,,,,4,,,,2.6,15,,,,,Y,N,,
LPG-01,3,200,645,2013,4,29,,,,5,,,,3.1,20,,,,,Y,N,,
LPG-01,3,200,646,2013,4,29,,,,3,,,,2.4,202,,,,,Y,N,,
LPG-01,3,200,647,2013,4,29,,,,4,,,,3.5,6,,,,,Y,N,,
LPG-01,3,200,648,2013,4,29,,,,3,,,,2.3,12,,,,,Y,N,,
LPG-01,3,200,649,2013,4,29,,,,5,,,,2.4,14,,,,,Y,N,,
LPG-01,3,200,650,2013,4,29,,,,5,,,,2.4,12,,,,,Y,N,,
LPG-01,3,200,651,2013,4,29,,,,5,,,,2.7,10,,,,,Y,N,,
LPG-01,3,200,652,2013,4,29,,,,1,,,,7.4,235,,,,,Y,N,,
LPG-01,3,200,653,2013,4,29,,,,5,,,,22,51,,,,,Y,N,,
LPG-01,3,200,654,2013,4,29,,,,4,,,,10,55,,,,,Y,N,,
LPG-01,3,200,655,2013,4,29,,,,2,,,,9.1,100,,,,,Y,N,,
LPG-01,3,200,656,2013,4,29,,,,3,,,,8.8,163,,,,,Y,N,,
LPG-01,4,200,657,2013,4,29,,,,5,,,,10.8,65,,,,,Y,N,,
LPG-01,4,200,658,2013,4,29,,,,5,,,,10.2,127,,,,,Y,N,,
LPG-01,4,200,659,2013,4,29,,,,3,,,,15.1,70,,,,,Y,N,,
LPG-01,4,200,660,2013,4,29,,,,4,,,,10.4,82,,,,,Y,N,,
LPG-01,4,200,661,2013,4,29,,,,4,,,,12.1,68,,,,,Y,N,,
LPG-01,4,200,662,2013,4,29,,,,4,,,,11.1,95,,,,,Y,N,,
LPG-01,4,200,663,2013,4,29,,,,3,,,,9.1,122,,,,,Y,N,,
LPG-01,4,200,664,2013,4,29,,,,5,,,,14,57,,,,,Y,N,,
LPG-01,4,200,665,2013,4,29,,,,4,,,,9.8,59,,,,,Y,N,,
LPG-01,4,200,666,2013,4,29,,,,4,,,,8.5,34,,,,,Y,N,,
LPG-01,4,200,667,2013,4,29,,,,4,,,,9.2,108,,,,,Y,N,,
LPG-01,4,200,668,2013,4,29,,,,3,,,,5.3,92,,,,,Y,N,,
LPG-01,4,200,669,2013,4,29,,,,3,,,,3.8,305,,,,,Y,N,,
LPG-01,4,200,670,2013,4,29,,,,2,,,,6.3,111,,,,,Y,N,,
LPG-01,4,200,671,2013,4,29,,,,4,,,,4.9,48,,,,,Y,N,,
LPG-01,4,200,672,2013,4,29,,,,4,,,,7.3,34,,,,,Y,N,,
LPG-01,4,200,673,2013,4,29,,,,4,,,,10.3,32,,,,,Y,N,,
LPG-01,4,200,674,2013,4,29,,,,5,,,,7.1,25,,,,,Y,N,,
LPG-01,4,200,675,2013,4,29,,,,3,,,,3.4,118,,,,,Y,N,,
LPG-01,4,200,676,2013,4,29,,,,4,,,,4.3,91,,,,,Y,N,,
LPG-01,4,200,677,2013,4,29,,,,3,,,,3.4,61,,,,,Y,N,,
LPG-01,4,200,678,2013,4,29,,,,3,,,,6,53,,,,,Y,N,,
LPG-01,4,200,679,2013,4,29,,,,3,,,,4.3,65,,,,,Y,N,,
LPG-01,4,200,680,2013,4,29,,,,4,,,,6.1,23,,,,,Y,N,,
LPG-01,4,200,681,2013,4,29,,,,3,,,,3.8,98,,,,,Y,N,,
LPG-01,4,200,682,2013,4,29,,,,4,,,,11.3,63,,,,,Y,N,,
LPG-01,4,200,683,2013,4,29,,,,4,,,,5,60,,,,,Y,N,,
LPG-01,4,200,684,2013,4,29,,,,4,,,,8.7,64,,,,,Y,N,,
LPG-01,4,200,685,2013,4,29,,,,3,,,,4.9,53,,,,,Y,N,,
LPG-01,4,200,686,2013,4,29,,,,3,,,,3,91,,,,,Y,N,,
LPG-01,4,200,687,2013,4,29,,,,5,,,,5.4,26,,,,,Y,N,,
LPG-01,4,200,688,2013,4,29,,,,4,,,,9.1,72,,,,,Y,N,,
LPG-01,4,200,689,2013,4,29,,,,4,,,,4.3,35,,,,,Y,N,,
LPG-01,4,200,690,2013,4,29,,,,4,,,,6.6,27,,,,,Y,N,,
LPG-01,4,200,691,2013,4,29,,,,4,,,,3.1,52,,,,,Y,N,,
LPG-01,4,200,692,2013,4,29,,,,4,,,,6.7,28,,,,,Y,N,,
LPG-01,4,200,693,2013,4,29,,,,4,,,,3.5,46,,,,,Y,N,,
LPG-01,4,200,694,2013,4,29,,,,4,,,,4.1,43,,,,,Y,N,,
LPG-01,4,200,695,2013,4,29,,,,4,,,,3.5,105,,,,,Y,N,,
LPG-01,4,200,696,2013,4,29,,,,4,,,,3.2,98,,,,,Y,N,,
LPG-01,4,200,697,2013,4,29,,,,4,,,,3.3,68,,,,,Y,N,,
LPG-01,4,200,698,2013,4,29,,,,3,,,,2.6,70,,,,,Y,N,,
LPG-01,4,200,699,2013,4,29,,,,3,,,,2.8,94,,,,,Y,N,,
LPG-01,4,200,700,2013,4,29,,,,4,,,,2.5,70,,,,,Y,N,,
LPG-01,4,200,701,2013,4,29,,,,4,,,,2.5,88,,,,,Y,N,,
LPG-01,4,200,702,2013,4,29,,,,4,,,,4,70,,,,,Y,N,,
LPG-01,4,200,703,2013,4,29,,,,4,,,,4.8,41,,,,,Y,N,,
LPG-01,4,200,704,2013,4,29,,,,4,,,,3.6,56,,,,,Y,N,,
LPG-01,4,200,705,2013,4,29,,,,4,,,,3.8,34,,,,,Y,N,,
LPG-01,4,200,706,2013,4,29,,,,4,,,,6,27,,,,,Y,N,,
LPG-01,4,200,707,2013,4,29,,,,3,,,,3.1,70,,,,,Y,N,,
LPG-01,4,200,708,2013,4,29,,,,4,,,,4,47,,,,,Y,N,,
LPG-01,4,200,709,2013,4,29,,,,4,,,,4.5,30,,,,,Y,N,,
LPG-01,4,200,710,2013,4,29,,,,3,,,,5.8,220,,,,,Y,N,,
LPG-01,4,200,711,2013,4,29,,,,3,,,,16.3,70,,,,,Y,N,,
LPG-01,4,200,712,2013,4,29,,,,4,,,,3.3,31,,,,,Y,N,,
LPG-01,4,200,713,2013,4,29,,,,4,,,,4,71,,,,,Y,N,,
LPG-01,4,200,714,2013,4,29,,,,3,,,,2.3,80,,,,,Y,N,,
LPG-01,4,200,715,2013,4,29,,,,3,,,,2.2,101,,,,,Y,N,,
LPG-01,4,200,716,2013,4,29,,,,5,,,,5,20,,,,,Y,N,,
LPG-01,4,200,717,2013,4,29,,,,3,,,,5.9,35,,,,,Y,N,,
LPG-01,4,200,718,2013,4,29,,,,4,,,,5.5,40,,,,,Y,N,,
LPG-01,4,200,719,2013,4,29,,,,4,,,,4.4,44,,,,,Y,N,,
LPG-01,4,200,720,2013,4,29,,,,4,,,,3.4,49,,,,,Y,N,,
LPG-01,4,200,721,2013,4,29,,,,5,,,,5.2,23,,,,,Y,N,,
LPG-01,4,200,722,2013,4,29,,,,4,,,,4.6,30,,,,,Y,N,,
LPG-01,4,200,723,2013,4,29,,,,5,,,,5.9,22,,,,,Y,N,,
LPG-01,4,200,724,2013,4,29,,,,4,,,,3.2,35,,,,,Y,N,,
LPG-01,4,200,725,2013,4,29,,,,2,,,,4.8,110,,,,,Y,N,,
LPG-01,4,200,726,2013,4,29,,,,4,,,,4.8,47,,,,,Y,N,,
LPG-01,4,200,727,2013,4,29,,,,4,,,,8.8,15,,,,,Y,N,,
LPG-01,4,200,728,2013,4,29,,,,4,,,,4.2,29,,,,,Y,N,,
LPG-01,4,200,729,2013,4,29,,,,3,,,,4.9,24,,,,,Y,N,,
LPG-01,4,200,730,2013,4,29,,,,4,,,,5.5,17,,,,,Y,N,,
LPG-01,4,200,731,2013,4,29,,,,4,,,,4.7,21,,,,,Y,N,,
LPG-01,4,200,732,2013,4,29,,,,4,,,,5.7,24,,,,,Y,N,,
LPG-01,4,200,733,2013,4,29,,,,3,,,,3.8,29,,,,,Y,N,,
LPG-01,4,200,734,2013,4,29,,,,3,,,,4.9,26,,,,,Y,N,,
LPG-01,4,200,735,2013,4,29,,,,5,,,,9.1,26,,,,,Y,N,,
LPG-01,4,200,736,2013,4,29,,,,3,,,,3.1,38,,,,,Y,N,,
LPG-01,4,200,737,2013,4,29,,,,5,,,,4.7,26,,,,,Y,N,,
LPG-01,4,200,738,2013,4,29,,,,3,,,,4.3,34,,,,,Y,N,,
LPG-01,4,200,739,2013,4,29,,,,4,,,,4.7,52,,,,,Y,N,,
LPG-01,4,200,740,2013,4,29,,,,3,,,,6.3,16,,,,,Y,N,,
LPG-01,4,200,741,2013,4,29,,,,4,,,,7.5,29,,,,,Y,N,,
LPG-01,4,200,742,2013,4,29,,,,3,,,,3.8,42,,,,,Y,N,,
LPG-01,4,200,743,2013,4,29,,,,3,,,,3.7,40,,,,,Y,N,,
LPG-01,4,200,744,2013,4,29,,,,4,,,,9,45,,,,,Y,N,,
LPG-01,4,200,745,2013,4,29,,,,4,,,,2.5,45,,,,,Y,N,,
LPG-01,4,200,746,2013,4,29,,,,2,,,,2.8,35,,,,,Y,N,,
LPG-01,4,200,747,2013,4,29,,,,4,,,,3.8,49,,,,,Y,N,,
LPG-01,4,200,748,2013,4,29,,,,4,,,,2.9,34,,,,,Y,N,,
LPG-01,4,200,749,2013,4,29,,,,4,,,,3.7,69,,,,,Y,N,,
LPG-01,4,200,750,2013,4,29,,,,3,,,,3.2,62,,,,,Y,N,,
LPG-01,4,200,751,2013,4,29,,,,5,,,,4,20,,,,,Y,N,,
LPG-01,4,200,752,2013,4,29,,,,4,,,,5,34,,,,,Y,N,,
LPG-01,4,200,753,2013,4,29,,,,3,,,,4.1,80,,,,,Y,N,,
LPG-01,4,200,754,2013,4,29,,,,5,,,,2.6,30,,,,,Y,N,,
LPG-01,4,200,755,2013,4,29,,,,4,,,,3.5,49,,,,,Y,N,,
LPG-01,4,200,756,2013,4,29,,,,4,,,,3.3,70,,,,,Y,N,,
LPG-01,4,200,757,2013,4,29,,,,4,,,,3.4,33,,,,,Y,N,,
LPG-01,4,200,758,2013,4,29,,,,4,,,,7.1,23,,,,,Y,N,,
LPG-01,4,200,759,2013,4,29,,,,4,,,,4.6,14,,,,,Y,N,,
LPG-01,4,200,760,2013,4,29,,,,4,,,,3,43,,,,,Y,N,,
LPG-01,4,200,761,2013,4,29,,,,4,,,,3.4,42,,,,,Y,N,,
LPG-01,4,200,762,2013,4,29,,,,4,,,,2.8,175,,,,,Y,N,,
LPG-01,4,200,763,2013,4,29,,,,4,,,,2.3,35,,,,,Y,N,,
LPG-01,4,200,764,2013,4,29,,,,4,,,,3.3,32,,,,,Y,N,,
LPG-01,4,200,765,2013,4,29,,,,3,,,,4.4,18,,,,,Y,N,,
LPG-01,4,200,766,2013,4,29,,,,4,,,,3.8,17,,,,,Y,N,,
LPG-01,4,200,767,2013,4,29,,,,3,,,,4.8,19,,,,,Y,N,,
LPG-01,4,200,768,2013,4,29,,,,4,,,,4.9,25,,,,,Y,N,,
LPG-01,4,200,769,2013,4,29,,,,5,,,,4,21,,,,,Y,N,,
LPG-01,4,200,770,2013,4,29,,,,4,,,,3.2,13,,,,,Y,N,,
LPG-01,4,200,771,2013,4,29,,,,4,,,,4.9,31,,,,,Y,N,,
LPG-01,4,200,772,2013,4,29,,,,3,,,,3.5,61,,,,,Y,N,,
LPG-01,4,200,773,2013,4,29,,,,4,,,,3.1,33,,,,,Y,N,,
LPG-01,4,200,774,2013,4,29,,,,5,,,,4.7,26,,,,,Y,N,,
LPG-01,4,200,775,2013,4,29,,,,4,,,,2.7,37,,,,,Y,N,,
LPG-01,4,200,776,2013,4,29,,,,3,,,,3.7,21,,,,,Y,N,,
LPG-01,4,200,777,2013,4,29,,,,5,,,,3.5,21,,,,,Y,N,,
LPG-01,4,200,778,2013,4,29,,,,4,,,,3.5,19,,,,,Y,N,,
LPG-01,4,200,779,2013,4,29,,,,3,,,,3.1,69,,,,,Y,N,,
LPG-01,4,200,780,2013,4,29,,,,3,,,,2.8,35,,,,,Y,N,,
LPG-01,4,200,781,2013,4,29,,,,3,,,,2.6,81,,,,,Y,N,,
LPG-01,4,200,782,2013,4,29,,,,2,,,,2.1,161,,,,,Y,N,,
LPG-01,4,200,783,2013,4,29,,,,4,,,,3,40,,,,,Y,N,,
LPG-01,4,200,784,2013,4,29,,,,4,,,,2.7,27,,,,,Y,N,,
LPG-01,4,200,785,2013,4,29,,,,3,,,,4.1,12,,,,,Y,N,,
LPG-01,4,200,786,2013,4,29,,,,4,,,,3,48,,,,,Y,N,,
LPG-01,4,200,787,2013,4,29,,,,4,,,,3.5,66,,,,,Y,N,,
LPG-01,4,200,788,2013,4,29,,,,4,,,,2.7,64,,,,,Y,N,,
LPG-01,4,200,789,2013,4,29,,,,4,,,,3.8,29,,,,,Y,N,,
LPG-01,4,200,790,2013,4,29,,,,3,,,,4.1,19,,,,,Y,N,,
LPG-01,4,200,791,2013,4,29,,,,3,,,,2.2,32,,,,,Y,N,,
LPG-01,4,200,792,2013,4,29,,,,3,,,,2.4,47,,,,,Y,N,,
LPG-01,4,200,793,2013,4,29,,,,3,,,,2.1,27,,,,,Y,N,,
LPG-01,4,200,794,2013,4,29,,,,3,,,,2.8,16,,,,,Y,N,,
LPG-01,4,200,795,2013,4,29,,,,4,,,,2.8,23,,,,,Y,N,,
LPG-01,4,200,796,2013,4,29,,,,4,,,,2.2,29,,,,,Y,N,,
LPG-01,4,200,797,2013,4,29,,,,3,,,,2.9,21,,,,,Y,N,,
LPG-01,4,200,798,2013,4,29,,,,4,,,,2.5,41,,,,,Y,N,,
LPG-01,4,200,799,2013,4,29,,,,3,,,,2.8,30,,,,,Y,N,,
LPG-01,4,200,800,2013,4,29,,,,3,,,,2.9,31,,,,,Y,N,,
LPG-01,4,200,801,2013,4,29,,,,4,,,,4.3,22,,,,,Y,N,,
LPG-01,4,200,802,2013,4,29,,,,5,,,,3,19,,,,,Y,N,,
LPG-01,4,200,803,2013,4,29,,,,4,,,,3.3,18,,,,,Y,N,,
LPG-01,4,200,804,2013,4,29,,,,4,,,,3.8,32,,,,,Y,N,,
LPG-01,4,200,805,2013,4,29,,,,3,,,,2.8,18,,,,,Y,N,,
LPG-01,4,200,806,2013,4,29,,,,3,,,,2.7,59,,,,,Y,N,,
LPG-01,4,200,807,2013,4,29,,,,3,,,,2.4,62,,,,,Y,N,,
LPG-01,4,200,808,2013,4,29,,,,3,,,,2.3,37,,,,,Y,N,,
LPG-01,4,200,809,2013,4,29,,,,4,,,,2.9,33,,,,,Y,N,,
LPG-01,4,200,810,2013,4,29,,,,5,,,,3.1,22,,,,,Y,N,,
LPG-01,4,200,811,2013,4,29,,,,4,,,,2.5,31,,,,,Y,N,,
LPG-01,4,200,812,2013,4,29,,,,5,,,,5.8,9,,,,,Y,N,,
LPG-01,4,200,813,2013,4,29,,,,4,,,,4.6,24,,,,,Y,N,,
LPG-01,4,200,814,2013,4,29,,,,5,,,,2.8,13,,,,,Y,N,,
LPG-01,4,200,815,2013,4,29,,,,3,,,,2.1,57,,,,,Y,N,,
LPG-01,4,200,816,2013,4,29,,,,3,,,,2,28,,,,,Y,N,,
LPG-01,4,200,817,2013,4,29,,,,3,,,,2.1,30,,,,,Y,N,,
LPG-01,4,200,818,2013,4,29,,,,3,,,,2.1,28,,,,,Y,N,,
LPG-01,4,200,819,2013,4,29,,,,3,,,,2.4,62,,,,,Y,N,,
LPG-01,4,200,820,2013,4,29,,,,5,,,,2.8,21,,,,,Y,N,,
LPG-01,4,200,821,2013,4,29,,,,4,,,,2.5,20,,,,,Y,N,,
LPG-01,4,200,822,2013,4,29,,,,4,,,,4.5,16,,,,,Y,N,,
LPG-01,4,200,823,2013,4,29,,,,4,,,,2.3,48,,,,,Y,N,,
LPG-01,4,200,824,2013,4,29,,,,4,,,,2.9,36,,,,,Y,N,,
LPG-01,4,200,825,2013,4,29,,,,4,,,,2.2,42,,,,,Y,N,,
LPG-01,4,200,826,2013,4,29,,,,4,,,,3.2,47,,,,,Y,N,,
LPG-01,4,200,827,2013,4,29,,,,5,,,,4.7,16,,,,,Y,N,,
LPG-01,4,200,828,2013,4,29,,,,4,,,,2.9,17,,,,,Y,N,,
LPG-01,4,200,829,2013,4,29,,,,4,,,,3.3,15,,,,,Y,N,,
LPG-01,4,200,830,2013,4,29,,,,5,,,,2.9,15,,,,,Y,N,,
LPG-01,4,200,831,2013,4,29,,,,2,,,,2.4,29,,,,,Y,N,,
LPG-01,4,200,832,2013,4,29,,,,4,,,,2.9,17,,,,,Y,N,,
LPG-01,4,200,833,2013,4,29,,,,4,,,,3.5,17,,,,,Y,N,,
LPG-01,4,200,834,2013,4,29,,,,4,,,,5,10,,,,,Y,N,,
LPG-01,4,200,835,2013,4,29,,,,5,,,,3.9,13,,,,,Y,N,,
LPG-01,4,200,836,2013,4,29,,,,3,,,,2.5,19,,,,,Y,N,,
LPG-01,4,200,837,2013,4,29,,,,5,,,,3,12,,,,,Y,N,,
LPG-01,4,200,838,2013,4,29,,,,3,,,,2.6,18,,,,,Y,N,,
LPG-01,4,200,839,2013,4,29,,,,3,,,,2.5,19,,,,,Y,N,,
LPG-01,4,200,840,2013,4,29,,,,4,,,,2.9,12,,,,,Y,N,,
LPG-01,4,200,841,2013,4,29,,,,4,,,,2.7,19,,,,,Y,N,,
LPG-01,4,200,842,2013,4,29,,,,4,,,,3.1,10,,,,,Y,N,,
LPG-01,4,200,843,2013,4,29,,,,3,,,,2.3,19,,,,,Y,N,,
LPG-01,4,200,844,2013,4,29,,,,3,,,,2.5,25,,,,,Y,N,,
LPG-01,4,200,845,2013,4,29,,,,5,,,,2.7,11,,,,,Y,N,,
LPG-01,4,200,846,2013,4,29,,,,5,,,,2.5,12,,,,,Y,N,,
LPG-01,4,200,847,2013,4,29,,,,5,,,,2.7,13,,,,,Y,N,,
LPG-01,4,200,848,2013,4,29,,,,4,,,,65,100,,,,,Y,N,,
LPG-01,4,200,849,2013,4,29,,,,3,,,,15.1,162,,,,,Y,N,,
LPG-01,4,200,850,2013,4,29,,,,4,,,,26,100,,,,,Y,N,,
LPG-01,4,200,851,2013,4,29,,,,4,,,,22,201,,,,,Y,N,,
LPG-01,1,200,1,2013,5,21,,,,5,,,,6.7,21,,,,,N,Y,,
LPG-01,1,200,2,2013,5,21,,,,2,,,,3.9,60,,,,,N,Y,,
LPG-01,1,200,3,2013,5,21,,,,3,,,,2,107,,,,,N,Y,,
LPG-01,1,200,4,2013,5,21,,,,2,,,,2.2,28,,,,,N,Y,,
LPG-01,1,200,5,2013,5,21,,,,3,,,,2.9,25,,,,,N,Y,,
LPG-01,1,200,6,2013,5,21,,,,3,,,,2.9,38,,,,,N,Y,,
LPG-01,1,200,7,2013,5,21,,,,3,,,,2.4,17,,,,,N,Y,,
LPG-01,1,200,8,2013,5,21,,,,3,,,,4.9,217,,,,,N,Y,,
LPG-01,1,200,9,2013,5,21,,,,3,,,,8.4,201,,,,,N,Y,,
LPG-01,1,200,10,2013,5,21,,,,4,,,,4.3,25,,,,,N,Y,,
LPG-01,1,200,11,2013,5,21,,,,4,,,,3.7,28,,,,,N,Y,,
LPG-01,1,200,12,2013,5,21,,,,4,,,,2.7,21,,,,,N,Y,,
LPG-01,1,200,13,2013,5,21,,,,4,,,,2.3,11,,,,,N,Y,,
LPG-01,2,200,14,2013,5,21,,,,1,,,,2.2,88,,,,,N,Y,,
LPG-01,2,200,15,2013,5,21,,,,1,,,,4.1,194,,,,,N,Y,,
LPG-01,2,200,16,2013,5,21,,,,3,,,,7.2,63,,,,,N,Y,,
LPG-01,2,200,17,2013,5,21,,,,3,,,,5,24,,,,,N,Y,,
LPG-01,2,200,18,2013,5,21,,,,3,,,,4.1,47,,,,,N,Y,,
LPG-01,2,200,19,2013,5,21,,,,3,,,,3.5,70,,,,,N,Y,,
LPG-01,2,200,20,2013,5,21,,,,3,,,,2.7,76,,,,,N,Y,,
LPG-01,2,200,21,2013,5,21,,,,3,,,,2.8,50,,,,,N,Y,,
LPG-01,2,200,22,2013,5,21,,,,4,,,,2.3,47,,,,,N,Y,,
LPG-01,2,200,23,2013,5,21,,,,3,,,,2.4,22,,,,,N,Y,,
LPG-01,2,200,24,2013,5,21,,,,3,,,,4.1,22,,,,,N,Y,,
LPG-01,2,200,25,2013,5,21,,,,4,,,,4.2,12,,,,,N,Y,,
LPG-01,2,200,26,2013,5,21,,,,4,,,,3.2,25,,,,,N,Y,,
LPG-01,2,200,27,2013,5,21,,,,3,,,,3.1,10,,,,,N,Y,,
LPG-01,2,200,28,2013,5,21,,,,4,,,,2.8,18,,,,,N,Y,,
LPG-01,2,200,29,2013,5,21,,,,4,,,,2.3,18,,,,,N,Y,,
LPG-01,3,200,30,2013,5,21,,,,3,,,,4.5,42,,,,,N,Y,,
LPG-01,3,200,31,2013,5,21,,,,5,,,,4.8,9,,,,,N,Y,,
LPG-01,3,200,32,2013,5,21,,,,4,,,,2.4,30,,,,,N,Y,,
LPG-01,3,200,33,2013,5,21,,,,4,,,,3,17,,,,,N,Y,,
LPG-01,3,200,34,2013,5,21,,,,4,,,,3.1,14,,,,,N,Y,,
LPG-01,3,200,35,2013,5,21,,,,3,,,,2.3,35,,,,,N,Y,,
LPG-01,3,200,36,2013,5,21,,,,3,,,,2.4,25,,,,,N,Y,,
LPG-01,3,200,37,2013,5,21,,,,4,,,,2.1,12,,,,,N,Y,,
LPG-01,3,200,38,2013,5,21,,,,3,,,,2.1,9,,,,,N,Y,,
LPG-01,4,200,39,2013,5,21,,,,5,,,,28.1,102,,,,,N,Y,,
LPG-01,1,200,1,2013,7,23,,,,4,,,,7.7,42,,,,,N,Y,,
LPG-01,1,200,2,2013,7,23,,,,4,,,,8.5,45,,,,,N,Y,,
LPG-01,1,200,3,2013,7,23,,,,4,,,,5.9,33,,,,,N,Y,,
LPG-01,1,200,4,2013,7,23,,,,4,,,,5.8,50,,,,,N,Y,,
LPG-01,1,200,5,2013,7,23,,,,4,,,,2.5,50,,,,,N,Y,,
LPG-01,1,200,6,2013,7,23,,,,3,,,,2.7,39,,,,,N,Y,,
LPG-01,1,200,7,2013,7,23,,,,3,,,,2.1,65,,,,,N,Y,,
LPG-01,1,200,8,2013,7,23,,,,3,,,,2.5,40,,,,,N,Y,,
LPG-01,2,200,9,2013,7,23,,,,4,,,,2.2,17,,,,,N,Y,,
LPG-01,2,200,10,2013,7,23,,,,4,,,,2.4,24,,,,,N,Y,,
LPG-01,2,200,11,2013,7,23,,,,3,,,,2.8,24,,,,,N,Y,,
LPG-01,2,200,12,2013,7,23,,,,3,,,,2.4,53,,,,,N,Y,,
LPG-01,2,200,13,2013,7,23,,,,4,,,,2.4,22,,,,,N,Y,,
LPG-01,3,200,14,2013,7,23,,,,4,,,,8.1,25,,,,,N,Y,,
LPG-01,3,200,15,2013,7,23,,,,3,,,,2.6,97,,,,,N,Y,,
LPG-01,3,200,16,2013,7,23,,,,4,,,,3.6,50,,,,,N,Y,,
LPG-01,4,200,17,2013,7,23,,,,3,,,,3.5,21,,,,,N,Y,,
LPG-01,4,200,18,2013,7,23,,,,3,,,,2.9,51,,,,,N,Y,,
LPG-01,1,200,1,2013,9,23,,,,3,,,,2.2,46,,,,,N,Y,,
LPG-01,1,200,2,2013,9,23,,,,3,,,,2,46,,,,,N,Y,,
LPG-01,1,200,3,2013,9,23,,,,3,,,,2.4,11,,,,,N,Y,,
LPG-01,1,200,4,2013,9,23,,,,4,,,,2.9,8,,,,,N,Y,,
LPG-01,1,200,5,2013,9,23,,,,4,,,,3.9,22,,,,,N,Y,,
LPG-01,2,200,6,2013,9,23,,,,3,,,,3.7,100,,,,,N,Y,,
LPG-01,2,200,7,2013,9,23,,,,3,,,,2.5,76,,,,,N,Y,,
LPG-01,2,200,8,2013,9,23,,,,3,,,,2.9,54,,,,,N,Y,,
LPG-01,2,200,9,2013,9,23,,,,3,,,,3,65,,,,,N,Y,,
LPG-01,2,200,10,2013,9,23,,,,3,,,,2.5,37,,,,,N,Y,,
LPG-01,2,200,11,2013,9,23,,,,3,,,,2.8,25,,,,,N,Y,,
LPG-01,2,200,12,2013,9,23,,,,3,,,,2.5,19,,,,,N,Y,,
LPG-01,3,200,13,2013,9,23,,,,3,,,,2,20,,,,,N,Y,,
LPG-01,3,200,14,2013,9,23,,,,3,,,,2.6,30,,,,,N,Y,,
LPG-01,3,200,15,2013,9,23,,,,3,,,,2.8,65,,,,,N,Y,,
LPG-01,3,200,16,2013,9,23,,,,3,,,,2.8,34,,,,,N,Y,,
LPG-01,3,200,17,2013,9,23,,,,3,,,,2.7,14,,,,,N,Y,,
LPG-01,3,200,18,2013,9,23,,,,3,,,,3.6,11,,,,,N,Y,,
LPG-01,4,200,19,2013,9,23,,,,3,,,,3,36,,,,,N,Y,,
LPG-01,4,200,20,2013,9,23,,,,4,,,,3.2,65,,,,,N,Y,,
LPG-01,4,200,21,2013,9,23,,,,5,,,,3.4,61,,,,,N,Y,,
LPG-01,1,200,1,2013,11,30,,,,3,,,,2.6,63,,,,,N,Y,,
LPG-01,1,200,2,2013,11,30,,,,3,,,,2,69,,,,,N,Y,,
LPG-01,1,200,3,2013,11,30,,,,3,,,,2.2,64,,,,,N,Y,,
LPG-01,1,200,4,2013,11,30,,,,3,,,,2,49,,,,,N,Y,,
LPG-01,2,200,5,2013,11,30,,,,3,,,,2.2,15,,,,,N,Y,,
LPG-01,2,200,6,2013,11,30,,,,3,,,,5.8,33,,,,,N,Y,,
LPG-01,2,200,7,2013,11,30,,,,3,,,,3,25,,,,,N,Y,,
LPG-01,2,200,8,2013,11,30,,,,4,,,,6.3,9,,,,,N,Y,,
LPG-01,2,200,9,2013,11,30,,,,3,,,,3.8,29,,,,,N,Y,,
LPG-01,2,200,10,2013,11,30,,,,3,,,,2.4,72,,,,,N,Y,,
LPG-01,2,200,11,2013,11,30,,,,3,,,,2.7,60,,,,,N,Y,,
LPG-01,2,200,12,2013,11,30,,,,2,,,,3.9,100,,,,,N,Y,,
LPG-01,3,200,13,2013,11,30,,,,3,,,,3.8,100,,,,,N,Y,,
LPG-01,3,200,14,2013,11,30,,,,3,,,,2.3,73,,,,,N,Y,,
LPG-01,3,200,15,2013,11,30,,,,3,,,,2.4,54,,,,,N,Y,,
LPG-01,3,200,16,2013,11,30,,,,3,,,,3.9,45,,,,,N,Y,,
LPG-01,3,200,17,2013,11,30,,,,3,,,,2.4,17,,,,,N,Y,,
LPG-01,3,200,18,2013,11,30,,,,3,,,,2.2,30,,,,,N,Y,,
LPG-01,3,200,19,2013,11,30,,,,3,,,,3.3,10,,,,,N,Y,,
LPG-01,3,200,20,2013,11,30,,,,3,,,,2.6,6,,,,,N,Y,,
LPG-01,1,200,1,2014,1,15,,,,2,,,,7.1,100,,,,,N,Y,,
LPG-01,1,200,2,2014,1,15,,,,2,,,,4.9,62,,,,,N,Y,,
LPG-01,1,200,3,2014,1,15,,,,2,,,,3.6,90,,,,,N,Y,,
LPG-01,1,200,4,2014,1,15,,,,2,,,,3.8,76,,,,,N,Y,,
LPG-01,2,200,5,2014,1,15,,,,2,,,,2.8,70,,,,,N,Y,,
LPG-01,2,200,6,2014,1,15,,,,3,,,,2,42,,,,,N,Y,,
LPG-01,2,200,7,2014,1,15,,,,2,,,,5.6,63,,,,,N,Y,,
LPG-01,2,200,8,2014,1,15,,,,2,,,,6.9,120,,,,,N,Y,,
LPG-01,2,200,9,2014,1,15,,,,3,,,,2,50,,,,,N,Y,,
LPG-01,2,200,10,2014,1,15,,,,2,,,,6.8,122,,,,,N,Y,,
LPG-01,2,200,11,2014,1,15,,,,3,,,,2.4,33,,,,,N,Y,,
LPG-01,2,200,12,2014,1,15,,,,3,,,,2.3,56,,,,,N,Y,,
LPG-01,3,200,13,2014,1,15,,,,2,,,,5.8,112,,,,,N,Y,,
LPG-01,3,200,14,2014,1,15,,,,3,,,,2.1,67,,,,,N,Y,,
LPG-01,3,200,15,2014,1,15,,,,3,,,,2.4,77,,,,,N,Y,,
LPG-01,3,200,16,2014,1,15,,,,3,,,,2.3,78,,,,,N,Y,,
LPG-01,4,200,13,2014,1,15,,,,2,,,,5.8,112,,,,,N,Y,,
LPG-01,4,200,14,2014,1,15,,,,3,,,,2.1,67,,,,,N,Y,,
LPG-01,4,200,15,2014,1,15,,,,3,,,,2.4,77,,,,,N,Y,,
LPG-01,4,200,16,2014,1,15,,,,3,,,,2.3,78,,,,,N,Y,,
LPG-01,1,200,1,2014,3,20,,,,1,,,,11.5,100,,,,,N,Y,,
LPG-01,1,200,2,2014,3,20,,,,1,,,,44.8,100,,,,,N,Y,,
LPG-01,1,200,3,2014,3,20,,,,1,,,,7.3,55,,,,,N,Y,,
LPG-01,1,200,4,2014,3,20,,,,1,,,,5.2,53,,,,,N,Y,,
LPG-01,1,200,5,2014,3,20,,,,1,,,,5.2,88,,,,,N,Y,,
LPG-01,1,200,6,2014,3,20,,,,2,,,,4.5,67,,,,,N,Y,,
LPG-01,1,200,7,2014,3,20,,,,2,,,,2.5,56,,,,,N,Y,,
LPG-01,1,200,8,2014,3,20,,,,3,,,,5.8,130,,,,,N,Y,,
LPG-01,1,200,9,2014,3,20,,,,3,,,,5.6,25,,,,,N,Y,,
LPG-01,1,200,10,2014,3,20,,,,3,,,,3.8,37,,,,,N,Y,,
LPG-01,1,200,11,2014,3,20,,,,3,,,,3.6,68,,,,,N,Y,,
LPG-01,1,200,12,2014,3,20,,,,3,,,,2.4,80,,,,,N,Y,,
LPG-01,1,200,13,2014,3,20,,,,3,,,,3.7,43,,,,,N,Y,,
LPG-01,1,200,14,2014,3,20,,,,3,,,,3.8,64,,,,,N,Y,,
LPG-01,1,200,15,2014,3,20,,,,3,,,,2.2,39,,,,,N,Y,,
LPG-01,1,200,16,2014,3,20,,,,3,,,,2.8,70,,,,,N,Y,,
LPG-01,1,200,17,2014,3,20,,,,3,,,,2.2,41,,,,,N,Y,,
LPG-01,1,200,18,2014,3,20,,,,4,,,,7.5,52,,,,,N,Y,,
LPG-01,1,200,19,2014,3,20,,,,4,,,,9.1,80,,,,,N,Y,,
LPG-01,2,200,20,2014,3,20,,,,3,,,,4.7,102,,,,,N,Y,,
LPG-01,2,200,21,2014,3,20,,,,3,,,,4.5,47,,,,,N,Y,,
LPG-01,2,200,22,2014,3,20,,,,2,,,,3.6,80,,,,,N,Y,,
LPG-01,2,200,23,2014,3,20,,,,3,,,,3.3,56,,,,,N,Y,,
LPG-01,2,200,24,2014,3,20,,,,3,,,,2.8,62,,,,,N,Y,,
LPG-01,2,200,25,2014,3,20,,,,3,,,,2.6,63,,,,,N,Y,,
LPG-01,2,200,26,2014,3,20,,,,3,,,,2.5,24,,,,,N,Y,,
LPG-01,2,200,27,2014,3,20,,,,3,,,,2.4,55,,,,,N,Y,,
LPG-01,3,200,28,2014,3,20,,,,3,,,,5.7,74,,,,,N,Y,,
LPG-01,3,200,29,2014,3,20,,,,3,,,,2.8,77,,,,,N,Y,,
LPG-01,3,200,30,2014,3,20,,,,3,,,,2.3,56,,,,,N,Y,,
LPG-01,3,200,31,2014,3,20,,,,3,,,,3.1,65,,,,,N,Y,,
LPG-01,3,200,32,2014,3,20,,,,3,,,,2.2,24,,,,,N,Y,,
LPG-01,3,200,33,2014,3,20,,,,3,,,,2.8,31,,,,,N,Y,,
LPG-01,3,200,34,2014,3,20,,,,3,,,,2.3,66,,,,,N,Y,,
LPG-01,3,200,35,2014,3,20,,,,3,,,,2.7,14,,,,,N,Y,,
LPG-01,4,200,36,2014,3,20,,,,1,,,,26.1,115,,,,,N,Y,,
LPG-01,4,200,37,2014,3,20,,,,1,,,,6.1,35,,,,,N,Y,,
LPG-01,4,200,38,2014,3,20,,,,4,,,,17.5,100,,,,,N,Y,,
LPG-01,4,200,39,2014,3,20,,,,2,,,,5.4,160,,,,,N,Y,,
LPG-01,4,200,40,2014,3,20,,,,2,,,,5.8,90,,,,,N,Y,,
LPG-01,4,200,41,2014,3,20,,,,3,,,,3.1,97,,,,,N,Y,,
LPG-01,4,200,42,2014,3,20,,,,2,,,,3.5,165,,,,,N,Y,,
LPG-01,4,200,43,2014,3,20,,,,3,,,,2.6,110,,,,,N,Y,,
LPG-01,4,200,44,2014,3,20,,,,3,,,,3.4,135,,,,,N,Y,,
LPG-01,4,200,45,2014,3,20,,,,3,,,,4.1,65,,,,,N,Y,,
LPG-01,4,200,46,2014,3,20,,,,3,,,,2.1,73,,,,,N,Y,,
LPG-01,4,200,47,2014,3,20,,,,3,,,,2.9,123,,,,,N,Y,,
LPG-01,4,200,48,2014,3,20,,,,2,,,,2.6,125,,,,,N,Y,,
LPG-01,4,200,49,2014,3,20,,,,3,,,,2.2,90,,,,,N,Y,,
LPG-01,4,200,50,2014,3,20,,,,3,,,,2.4,47,,,,,N,Y,,
LPG-01,4,200,51,2014,3,20,,,,3,,,,2,95,,,,,N,Y,,
LPG-01,1,200,1,2014,5,29,,,,3,,,,3.2,48,,,,,N,Y,,
LPG-01,1,200,2,2014,5,29,,,,3,,,,4.1,39,,,,,N,Y,,
LPG-01,1,200,3,2014,5,29,,,,3,,,,2.7,71,,,,,N,Y,,
LPG-01,1,200,4,2014,5,29,,,,3,,,,2.2,27,,,,,N,Y,,
LPG-01,1,200,5,2014,5,29,,,,3,,,,3.1,41,,,,,N,Y,,
LPG-01,2,200,6,2014,5,29,,,,3,,,,2.2,52,,,,,N,Y,,
LPG-01,2,200,7,2014,5,29,,,,3,,,,4.8,61,,,,,N,Y,,
LPG-01,2,200,8,2014,5,29,,,,3,,,,5.1,38,,,,,N,Y,,
LPG-01,2,200,9,2014,5,29,,,,3,,,,5.1,45,,,,,N,Y,,
LPG-01,2,200,10,2014,5,29,,,,3,,,,3.7,63,,,,,N,Y,,
LPG-01,2,200,11,2014,5,29,,,,3,,,,2.8,27,,,,,N,Y,,
LPG-01,2,200,12,2014,5,29,,,,3,,,,4.1,28,,,,,N,Y,,
LPG-01,4,200,13,2014,5,29,,,,3,,,,2.8,15,,,,,N,Y,,
LPG-01,4,200,14,2014,5,29,,,,3,,,,3.4,19,,,,,N,Y,,
LPG-01,4,200,15,2014,5,29,,,,3,,,,4.1,28,,,,,N,Y,,
LPG-01,4,200,16,2014,5,29,,,,3,,,,2.7,24,,,,,N,Y,,
LPG-01,1,200,1,2014,7,29,,,,3,,,,3.1,39,,,,,N,Y,,
LPG-01,1,200,2,2014,7,29,,,,3,,,,2.1,45,,,,,N,Y,,
LPG-01,1,200,3,2014,7,29,,,,3,,,,4.3,48,,,,,N,Y,,
LPG-01,1,200,4,2014,7,29,,,,3,,,,3.7,71,,,,,N,Y,,
LPG-01,2,200,5,2014,7,29,,,,3,,,,2.8,24,,,,,N,Y,,
LPG-01,2,200,6,2014,7,29,,,,3,,,,2.5,35,,,,,N,Y,,
LPG-01,2,200,7,2014,7,29,,,,3,,,,4.1,45,,,,,N,Y,,
LPG-01,2,200,8,2014,7,29,,,,3,,,,3.3,60,,,,,N,Y,,
LPG-01,2,200,9,2014,7,29,,,,3,,,,6.3,47,,,,,N,Y,,
LPG-01,2,200,10,2014,7,29,,,,3,,,,2.5,17,,,,,N,Y,,
LPG-01,2,200,11,2014,7,29,,,,3,,,,3.1,13,,,,,N,Y,,
LPG-01,3,200,12,2014,7,29,,,,3,,,,5.1,51,,,,,N,Y,,
LPG-01,3,200,13,2014,7,29,,,,3,,,,3.4,27,,,,,N,Y,,
LPG-01,3,200,14,2014,7,29,,,,3,,,,3.7,31,,,,,N,Y,,
LPG-01,3,200,15,2014,7,29,,,,3,,,,4.1,28,,,,,N,Y,,
LPG-01,1,200,1,2014,11,27,,,,2,,,,6,115,,,,,N,Y,,
LPG-01,1,200,2,2014,11,27,,,,3,,,,2.3,70,,,,,N,Y,,
LPG-01,1,200,3,2014,11,27,,,,3,,,,2.4,56,,,,,N,Y,,
LPG-01,1,200,4,2014,11,27,,,,3,,,,2.2,32,,,,,N,Y,,
LPG-01,2,200,5,2014,11,27,,,,3,,,,4.3,147,,,,,N,Y,,
LPG-01,2,200,6,2014,11,27,,,,3,,,,2.8,125,,,,,N,Y,,
LPG-01,2,200,7,2014,11,27,,,,3,,,,2.3,95,,,,,N,Y,,
LPG-01,3,200,8,2014,11,27,,,,2,,,,11.6,130,,,,,N,Y,,
LPG-01,3,200,9,2014,11,27,,,,2,,,,15.9,215,,,,,N,Y,,
LPG-01,3,200,10,2014,11,27,,,,2,,,,8.5,300,,,,,N,Y,,
LPG-01,3,200,11,2014,11,27,,,,2,,,,9.8,80,,,,,N,Y,,
LPG-01,3,200,12,2014,11,27,,,,3,,,,8,45,,,,,N,Y,,
LPG-01,3,200,13,2014,11,27,,,,3,,,,3,80,,,,,N,Y,,
LPG-01,3,200,14,2014,11,27,,,,3,,,,4.8,60,,,,,N,Y,,
LPG-01,3,200,15,2014,11,27,,,,3,,,,2.7,76,,,,,N,Y,,
LPG-01,3,200,16,2014,11,27,,,,3,,,,3.8,45,,,,,N,Y,,
LPG-01,3,200,17,2014,11,27,,,,3,,,,3,44,,,,,N,Y,,
LPG-01,4,200,18,2014,11,27,,,,3,,,,2.5,85,,,,,N,Y,,
LPG-01,4,200,19,2014,11,27,,,,3,,,,2.5,105,,,,,N,Y,,
LPG-01,1,200,1,2015,1,22,,,,3,,,,2.4,100,,,,,N,Y,,
LPG-01,1,200,2,2015,1,22,,,,3,,,,2.1,51,,,,,N,Y,,
LPG-01,1,200,3,2015,1,22,,,,3,,,,2.1,117,,,,,N,Y,,
LPG-01,2,200,4,2015,1,22,,,,3,,,,2.5,60,,,,,N,Y,,
LPG-01,2,200,5,2015,1,22,,,,3,,,,2.3,99,,,,,N,Y,,
LPG-01,2,200,6,2015,1,22,,,,3,,,,2,45,,,,,N,Y,,
LPG-01,2,200,7,2015,1,22,,,,3,,,,5.7,71,,,,,N,Y,,
LPG-01,2,200,8,2015,1,22,,,,3,,,,10,75,,,,,N,Y,,
LPG-01,3,200,9,2015,1,22,,,,3,,,,3.8,39,,,,,N,Y,,
LPG-01,3,200,10,2015,1,22,,,,3,,,,3.5,21,,,,,N,Y,,
LPG-01,3,200,11,2015,1,22,,,,3,,,,2.5,16,,,,,N,Y,,
LPG-01,3,200,12,2015,1,22,,,,3,,,,3.1,19,,,,,N,Y,,
LPG-01,4,200,13,2015,1,22,,,,3,,,,2.8,150,,,,,N,Y,,
LPG-01,4,200,14,2015,1,22,,,,3,,,,2.8,153,,,,,N,Y,,
LPG-01,4,200,15,2015,1,22,,,,3,,,,2.3,36,,,,,N,Y,,
LPG-01,4,200,16,2015,1,22,,,,3,,,,2.5,54,,,,,N,Y,,
LPG-01,4,200,17,2015,1,22,,,,3,,,,4.5,120,,,,,N,Y,,
LPG-01,4,200,18,2015,1,22,,,,3,,,,6.2,64,,,,,N,Y,,
LPG-01,4,200,19,2015,1,22,,,,3,,,,7,70,,,,,N,Y,,
LPG-01,1,200,1,2015,5,22,,,,3,,,,3,60,,,,,N,Y,,
LPG-01,1,200,2,2015,5,22,,,,3,,,,2.7,10,,,,,N,Y,,
LPG-01,1,200,3,2015,5,22,,,,3,,,,2.4,60,,,,,N,Y,,
LPG-01,1,200,4,2015,5,22,,,,3,,,,2,69,,,,,N,Y,,
LPG-01,1,200,5,2015,5,22,,,,3,,,,2.2,56,,,,,N,Y,,
LPG-01,2,200,6,2015,5,22,,,,2,,,,7.3,110,,,,,N,Y,,
LPG-01,2,200,7,2015,5,22,,,,3,,,,5.2,40,,,,,N,Y,,
LPG-01,2,200,8,2015,5,22,,,,2,,,,2.8,201,,,,,N,Y,,
LPG-01,2,200,9,2015,5,22,,,,3,,,,3.9,50,,,,,N,Y,,
LPG-01,2,200,10,2015,5,22,,,,3,,,,3.4,56,,,,,N,Y,,
LPG-01,2,200,11,2015,5,22,,,,3,,,,3.5,42,,,,,N,Y,,
LPG-01,2,200,12,2015,5,22,,,,2,,,,3,57,,,,,N,Y,,
LPG-01,2,200,13,2015,5,22,,,,3,,,,2.5,16,,,,,N,Y,,
LPG-01,3,200,14,2015,5,22,,,,3,,,,3.5,22,,,,,N,Y,,
LPG-01,3,200,15,2015,5,22,,,,3,,,,3.2,80,,,,,N,Y,,
LPG-01,1,200,1,2015,7,29,,,,3,,,,2.6,47,,,,,N,Y,,
LPG-01,2,200,2,2015,7,29,,,,3,,,,2.3,60,,,,,N,Y,,
LPG-01,2,200,3,2015,7,29,,,,3,,,,2,59,,,,,N,Y,,
LPG-01,2,200,4,2015,7,29,,,,3,,,,2.2,64,,,,,N,Y,,
LPG-01,3,200,5,2015,7,29,,,,2,,,,2.6,66,,,,,N,Y,,
LPG-01,3,200,6,2015,7,29,,,,3,,,,2.4,80,,,,,N,Y,,
LPG-01,3,200,7,2015,7,29,,,,3,,,,3.1,22,,,,,N,Y,,
LPG-01,3,200,8,2015,7,29,,,,3,,,,2.6,22,,,,,N,Y,,
LPG-01,3,200,9,2015,7,29,,,,3,,,,2.8,64,,,,,N,Y,,
LPG-01,4,200,10,2015,7,29,,,,4,,,,3.2,39,,,,,N,Y,,
LPG-01,1,200,1,2015,9,28,,,,3,,,,3.1,56,,,,,N,Y,,
LPG-01,1,200,2,2015,9,28,,,,3,,,,3.5,23,,,,,N,Y,,
LPG-01,1,200,3,2015,9,28,,,,3,,,,2.7,67,,,,,N,Y,,
LPG-01,2,200,4,2015,9,28,,,,3,,,,3.8,83,,,,,N,Y,,
LPG-01,2,200,5,2015,9,28,,,,2,,,,5.3,75,,,,,N,Y,,
LPG-01,2,200,6,2015,9,28,,,,3,,,,2.1,13,,,,,N,Y,,
LPG-01,3,200,7,2015,9,28,,,,3,,,,2.7,38,,,,,N,Y,,
LPG-01,4,200,8,2015,9,28,,,,3,,,,4.8,80,,,,,N,Y,,
LPG-01,1,200,1,2015,11,25,,,,2,,,,3.9,175,,,,,N,Y,,
LPG-01,1,200,2,2015,11,25,,,,3,,,,3.6,101,,,,,N,Y,,
LPG-01,1,200,3,2015,11,25,,,,3,,,,3.3,106,,,,,N,Y,,
LPG-01,1,200,4,2015,11,25,,,,3,,,,2.1,58,,,,,N,Y,,
LPG-01,1,200,5,2015,11,25,,,,2,,,,2.4,137,,,,,N,Y,,
LPG-01,1,200,6,2015,11,25,,,,3,,,,3,59,,,,,N,Y,,
LPG-01,1,200,7,2015,11,25,,,,3,,,,2.8,102,,,,,N,Y,,
LPG-01,1,200,8,2015,11,25,,,,3,,,,3.5,42,,,,,N,Y,,
LPG-01,1,200,9,2015,11,25,,,,3,,,,2.7,47,,,,,N,Y,,
LPG-01,1,200,10,2015,11,25,,,,3,,,,3,20,,,,,N,Y,,
LPG-01,1,200,11,2015,11,25,,,,2,,,,2.7,75,,,,,N,Y,,
LPG-01,1,200,12,2015,11,25,,,,2,,,,2.5,56,,,,,N,Y,,
LPG-01,1,200,13,2015,11,25,,,,3,,,,2,50,,,,,N,Y,,
LPG-01,1,200,14,2015,11,25,,,,3,,,,2.3,25,,,,,N,Y,,
LPG-01,1,200,15,2015,11,25,,,,3,,,,2.2,50,,,,,N,Y,,
LPG-01,1,200,16,2015,11,25,,,,3,,,,2,78,,,,,N,Y,,
LPG-01,2,200,17,2015,11,25,,,,2,,,,4.2,140,,,,,N,Y,,
LPG-01,2,200,18,2015,11,25,,,,3,,,,5.5,276,,,,,N,Y,,
LPG-01,2,200,19,2015,11,25,,,,3,,,,5.6,69,,,,,N,Y,,
LPG-01,2,200,20,2015,11,25,,,,3,,,,3.4,84,,,,,N,Y,,
LPG-01,2,200,21,2015,11,25,,,,2,,,,3.5,115,,,,,N,Y,,
LPG-01,2,200,22,2015,11,25,,,,3,,,,2.5,87,,,,,N,Y,,
LPG-01,2,200,23,2015,11,25,,,,3,,,,2.6,46,,,,,N,Y,,
LPG-01,3,200,24,2015,11,25,,,,3,,,,4.7,55,,,,,N,Y,,
LPG-01,3,200,25,2015,11,25,,,,3,,,,4,61,,,,,N,Y,,
LPG-01,3,200,26,2015,11,25,,,,3,,,,3.8,33,,,,,N,Y,,
LPG-01,3,200,27,2015,11,25,,,,3,,,,3.3,17,,,,,N,Y,,
LPG-01,3,200,28,2015,11,25,,,,2,,,,4.8,135,,,,,N,Y,,
LPG-01,3,200,29,2015,11,25,,,,2,,,,2.1,60,,,,,N,Y,,
LPG-01,3,200,30,2015,11,25,,,,3,,,,2.7,100,,,,,N,Y,,
LPG-01,3,200,31,2015,11,25,,,,3,,,,2.6,60,,,,,N,Y,,
LPG-01,4,200,32,2015,11,25,,,,3,,,,2.9,80,,,,,N,Y,,
LPG-01,4,200,33,2015,11,25,,,,2,,,,3.1,140,,,,,N,Y,,
LPG-01,4,200,34,2015,11,25,,,,3,,,,2,123,,,,,N,Y,,
LPG-01,4,200,35,2015,11,25,,,,3,,,,2.2,30,,,,,N,Y,,
LPG-01,4,200,36,2015,11,25,,,,3,,,,2.3,67,,,,,N,Y,,
LPG-01,4,200,37,2015,11,25,,,,3,,,,2.3,37,,,,,N,Y,,
LPG-01,4,200,38,2015,11,25,,,,3,,,,2.4,99,,,,,N,Y,,
LPG-01,1,200,1,2016,1,26,,,,3,,,,3.7,34,,,,,N,Y,,
LPG-01,1,200,2,2016,1,26,,,,3,,,,3,27,,,,,N,Y,,
LPG-01,1,200,3,2016,1,26,,,,3,,,,1.8,71,,,,,N,Y,,
LPG-01,1,200,4,2016,1,26,,,,3,,,,2.3,29,,,,,N,Y,,
LPG-01,2,200,5,2016,1,26,,,,3,,,,4.3,57,,,,,N,Y,,
LPG-01,2,200,6,2016,1,26,,,,3,,,,2.1,61,,,,,N,Y,,
LPG-01,2,200,7,2016,1,26,,,,3,,,,2.6,17,,,,,N,Y,,
LPG-01,2,200,8,2016,1,26,,,,3,,,,3.4,39,,,,,N,Y,,
LPG-01,3,200,9,2016,1,26,,,,3,,,,2.8,12,,,,,N,Y,,
LPG-01,3,200,10,2016,1,26,,,,3,,,,3.1,28,,,,,N,Y,,
LPG-01,3,200,11,2016,1,26,,,,3,,,,2.5,41,,,,,N,Y,,
LPG-01,3,200,12,2016,1,26,,,,3,,,,3.5,27,,,,,N,Y,,
LPG-01,3,200,13,2016,1,26,,,,3,,,,3,12,,,,,N,Y,,
LPG-01,3,200,14,2016,1,26,,,,3,,,,2.1,17,,,,,N,Y,,
LPG-01,4,200,15,2016,1,26,,,,3,,,,5.8,87,,,,,N,Y,,
LPG-01,4,200,16,2016,1,26,,,,3,,,,3.1,21,,,,,N,Y,,
LPG-01,4,200,17,2016,1,26,,,,3,,,,2.8,30,,,,,N,Y,,
LPG-01,1,200,1,2016,3,24,,,,3,,,,2.9,75,,,,,N,Y,,
LPG-01,1,200,2,2016,3,24,,,,3,,,,4,65,,,,,N,Y,,
LPG-01,1,200,3,2016,3,24,,,,3,,,,2.5,55,,,,,N,Y,,
LPG-01,1,200,4,2016,3,24,,,,3,,,,2.5,60,,,,,N,Y,,
LPG-01,1,200,5,2016,3,24,,,,3,,,,3.1,103,,,,,N,Y,,
LPG-01,1,200,6,2016,3,24,,,,3,,,,6,65,,,,,N,Y,,
LPG-01,1,200,7,2016,3,24,,,,3,,,,7.2,80,,,,,N,Y,,
LPG-01,1,200,8,2016,3,24,,,,3,,,,4.8,145,,,,,N,Y,,
LPG-01,2,200,9,2016,3,24,,,,3,,,,2.9,69,,,,,N,Y,,
LPG-01,2,200,10,2016,3,24,,,,3,,,,3.9,97,,,,,N,Y,,
LPG-01,2,200,11,2016,3,24,,,,3,,,,4.4,20,,,,,N,Y,,
LPG-01,2,200,12,2016,3,24,,,,3,,,,2.9,22,,,,,N,Y,,
LPG-01,2,200,13,2016,3,24,,,,3,,,,2.7,29,,,,,N,Y,,
LPG-01,2,200,14,2016,3,24,,,,3,,,,15.5,65,,,,,N,Y,,
LPG-01,3,200,15,2016,3,24,,,,3,,,,11.1,118,,,,,N,Y,,
LPG-01,3,200,16,2016,3,24,,,,2,,,,17.2,100,,,,,N,Y,,
LPG-01,3,200,17,2016,3,24,,,,3,,,,3.4,72,,,,,N,Y,,
LPG-01,3,200,18,2016,3,24,,,,3,,,,2.2,81,,,,,N,Y,,
LPG-01,3,200,19,2016,3,24,,,,3,,,,2.5,29,,,,,N,Y,,
LPG-01,4,200,20,2016,3,24,,,,3,,,,4.2,195,,,,,N,Y,,
LPG-01,4,200,21,2016,3,24,,,,3,,,,2.8,94,,,,,N,Y,,
LPG-01,4,200,22,2016,3,24,,,,3,,,,2.5,110,,,,,N,Y,,
LPG-01,4,200,23,2016,3,24,,,,3,,,,2.4,33,,,,,N,Y,,
LPG-01,4,200,24,2016,3,24,,,,3,,,,3.5,42,,,,,N,Y,,
LPG-01,1,200,1,2016,6,20,,,,3,,,,2,33,,,,,N,Y,,
LPG-01,1,200,2,2016,6,20,,,,3,,,,3.3,44,,,,,N,Y,,
LPG-01,1,200,3,2016,6,20,,,,3,,,,2.5,44,,,,,N,Y,,
LPG-01,1,200,4,2016,6,20,,,,3,,,,2.5,41,,,,,N,Y,,
LPG-01,1,200,5,2016,6,20,,,,3,,,,2.6,31,,,,,N,Y,,
LPG-01,1,200,6,2016,6,20,,,,3,,,,4.9,104,,,,,N,Y,,
LPG-01,1,200,7,2016,6,20,,,,3,,,,5.2,58,,,,,N,Y,,
LPG-01,1,200,8,2016,6,20,,,,4,,,,3.2,39,,,,,N,Y,,
LPG-01,1,200,9,2016,6,20,,,,4,,,,2.7,66,,,,,N,Y,,
LPG-01,1,200,10,2016,6,20,,,,3,,,,3.9,70,,,,,N,Y,,
LPG-01,1,200,11,2016,6,20,,,,3,,,,3.2,39,,,,,N,Y,,
LPG-01,1,200,12,2016,6,20,,,,3,,,,3.3,68,,,,,N,Y,,
LPG-01,1,200,13,2016,6,20,,,,3,,,,4.8,67,,,,,N,Y,,
LPG-01,1,200,14,2016,6,20,,,,3,,,,3.4,59,,,,,N,Y,,
LPG-01,1,200,15,2016,6,20,,,,3,,,,4.6,54,,,,,N,Y,,
LPG-01,1,200,16,2016,6,20,,,,3,,,,2.8,34,,,,,N,Y,,
LPG-01,1,200,17,2016,6,20,,,,3,,,,2.5,36,,,,,N,Y,,
LPG-01,1,200,18,2016,6,20,,,,3,,,,3.3,37,,,,,N,Y,,
LPG-01,1,200,19,2016,6,20,,,,3,,,,2.7,18,,,,,N,Y,,
LPG-01,2,200,20,2016,6,20,,,,3,,,,3.2,73,,,,,N,Y,,
LPG-01,2,200,21,2016,6,20,,,,3,,,,4.2,59,,,,,N,Y,,
LPG-01,2,200,22,2016,6,20,,,,2,,,,3.3,78,,,,,N,Y,,
LPG-01,2,200,23,2016,6,20,,,,2,,,,4.6,95,,,,,N,Y,,
LPG-01,2,200,24,2016,6,20,,,,3,,,,2.4,92,,,,,N,Y,,
LPG-01,2,200,25,2016,6,20,,,,3,,,,3.7,59,,,,,N,Y,,
LPG-01,2,200,26,2016,6,20,,,,3,,,,2.3,40,,,,,N,Y,,
LPG-01,2,200,27,2016,6,20,,,,3,,,,2,55,,,,,N,Y,,
LPG-01,3,200,28,2016,6,20,,,,3,,,,2.5,70,,,,,N,Y,,
LPG-01,3,200,29,2016,6,20,,,,3,,,,2.3,74,,,,,N,Y,,
LPG-01,1,200,1,2016,8,30,,,,3,,,,4.1,0.95,,,,,N,Y,,
LPG-01,1,200,2,2016,8,30,,,,3,,,,3.4,1.77,,,,,N,Y,,
LPG-01,2,200,1,2016,8,30,,,,3,,,,2,1.04,,,,,N,Y,,
LPG-01,2,200,2,2016,8,30,,,,3,,,,3.1,1.1,,,,,N,Y,,
LPG-01,3,200,0,2016,8,30,,,,0,,,,0,0,,,,,N,Y,,
LPG-01,4,200,1,2016,8,30,,,,3,,,,4.3,1.13,,,,,N,Y,,
LPG-01,4,200,2,2016,8,30,,,,3,,,,7.6,1.18,,,,,N,Y,,
LPG-01,1,200,1,2016,10,19,,,,3,,,,4.9,0.6,,,,,N,Y,,
LPG-01,2,200,1,2016,10,19,,,,4,,,,4.3,0.41,,,,,N,Y,,
LPG-01,2,200,2,2016,10,19,,,,3,,,,5.4,1.7,,,,,N,Y,,
LPG-01,3,200,0,2016,10,19,,,,0,,,,0,0,,,,,N,Y,,
LPG-01,4,200,0,2016,10,19,,,,0,,,,0,0,,,,,N,Y,,
LPG-01,1,200,1,2016,12,9,,,,3,,,,3.7,0.32,,,,,N,Y,,
LPG-01,1,200,2,2016,12,9,,,,3,,,,2,0.18,,,,,N,Y,,
LPG-01,1,200,3,2016,12,9,,,,3,,,,4.2,0.95,,,,,N,Y,,
LPG-01,2,200,1,2016,12,9,,,,3,,,,2.8,1.1,,,,,N,Y,,
LPG-01,2,200,2,2016,12,9,,,,3,,,,3.4,0.65,,,,,N,Y,,
LPG-01,2,200,3,2016,12,9,,,,3,,,,2.3,0.4,,,,,N,Y,,
LPG-01,3,200,1,2016,12,9,,,,3,,,,3,0.8,,,,,N,Y,,
LPG-01,3,200,2,2016,12,9,,,,3,,,,2.1,0.15,,,,,N,Y,,
LPG-01,4,200,1,2016,12,9,,,,3,,,,4,0.75,,,,,N,Y,,
LPG-01,1,200,1,2017,4,18,,,,2,,,,2.8,1.18,,,,,N,Y,,
LPG-01,1,200,2,2017,4,18,,,,2,,,,2.8,0.8,,,,,N,Y,,
LPG-01,1,200,3,2017,4,18,,,,2,,,,4.4,0.84,,,,,N,Y,,
LPG-01,1,200,4,2017,4,18,,,,3,,,,4.8,0.55,,,,,N,Y,,
LPG-01,1,200,5,2017,4,18,,,,3,,,,5.5,0.33,,,,,N,Y,,
LPG-01,1,200,6,2017,4,18,,,,3,,,,5.1,0.45,,,,,N,Y,,
LPG-01,1,200,7,2017,4,18,,,,2,,,,5,1.6,,,,,N,Y,,
LPG-01,2,200,1,2017,4,18,,,,2,,,,5.8,0.92,,,,,N,Y,,
LPG-01,2,200,,2017,4,18,,,,2,,,,3.3,0.62,,,,,N,Y,,
LPG-01,3,200,,2017,4,18,,,,2,,,,3.3,1.21,,,,,N,Y,,
LPG-01,3,200,,2017,4,18,,,,2,,,,4.2,0.58,,,,,N,Y,,
LPG-01,3,200,,2017,4,18,,,,2,,,,3.7,0.55,,,,,N,Y,,
LPG-01,3,200,,2017,4,18,,,,2,,,,4.3,0.65,,,,,N,Y,,
LPG-01,3,200,,2017,4,18,,,,2,,,,3.1,0.82,,,,,N,Y,,
LPG-01,4,200,,2017,4,18,,,,3,,,,3.1,0.82,,,,,N,Y,,
LPG-01,4,200,,2017,4,18,,,,2,,,,2.8,0.63,,,,,N,Y,,
LPG-01,4,200,,2017,4,18,,,,2,,,,3,0.62,,,,,N,Y,,
LPG-01,1,200,,2017,6,22,,,,4,,,,1,75,,,,,N,Y,,
LPG-01,2,200,,2017,6,22,,,,2,,,,7.2,57,,,,,N,Y,,
LPG-01,2,200,,2017,6,22,,,,2,,,,6,25,,,,,N,Y,,
LPG-01,2,200,,2017,6,22,,,,2,,,,4,111,,,,,N,Y,,
LPG-01,3,200,,2017,6,22,,,,4,,,,2.5,65,,,,,N,Y,,
LPG-01,3,200,,2017,6,22,,,,4,,,,3,25,,,,,N,Y,,
LPG-01,3,200,,2017,6,22,,,,4,,,,2.3,40.2,,,,,N,Y,,
LPG-01,4,200,,2017,6,22,,,,0,,,,0,0,,,,,N,Y,,
