plot_code,sub_plot,tree_tag,year,month,day,wood_density_g_m2,tree_height_year,tree_height_m,pom_height_m,baseline_dbh_year,baseline_dbh_mm,dbh_nodirection_mm,dbh_northsouth_mm,dbh_westeast_mm,dendrometer_reading_replaced_mm,status_code_intact_moved_broken,mortality_code_alive_dead,quality_code,comments,date,dendrometer_reading_mm,family,genus,species
ABC-01,1,10,2013,9,24,NA,NA,NA,1.4,NA,NA,0,NA,NA,NA,NA,NA,NA,NA,24/09/2013,0,NA,NA,NA
ABC-01,1,10,2013,12,10,NA,NA,NA,1.4,NA,NA,2.3,NA,NA,NA,NA,NA,NA,NA,10/12/2013,2.3,NA,NA,NA
ABC-01,1,10,2014,3,6,NA,NA,NA,1.4,NA,NA,3.9,NA,NA,NA,NA,NA,NA,NA,06/03/2014,3.9,NA,NA,NA
ABC-01,3,103,2013,9,24,NA,NA,NA,1.35,NA,NA,0,NA,NA,NA,NA,NA,NA,NA,24/09/2013,0,NA,NA,NA
ABC-01,3,103,2013,12,10,NA,NA,NA,1.35,NA,NA,2.41,NA,NA,NA,NA,NA,NA,NA,10/12/2013,2.41,NA,NA,NA
ABC-01,3,103,2014,3,6,NA,NA,NA,1.35,NA,NA,4.2,NA,NA,NA,NA,NA,NA,NA,06/03/2014,4.2,NA,NA,NA
ABC-01,4,105,2013,9,24,NA,NA,NA,1.4,NA,NA,1.47,NA,NA,NA,NA,NA,NA,NA,24/09/2013,1.47,NA,NA,NA
ABC-01,4,105,2013,12,10,NA,NA,NA,1.4,NA,NA,4.34,NA,NA,NA,NA,NA,NA,NA,10/12/2013,4.34,NA,NA,NA
ABC-01,4,105,2014,3,6,NA,NA,NA,1.4,NA,NA,5.4,NA,NA,NA,NA,NA,NA,NA,06/03/2014,5.4,NA,NA,NA
ABC-01,4,108,2013,9,24,NA,NA,NA,1.4,NA,NA,-0.9,NA,NA,NA,NA,NA,NA,NA,24/09/2013,-0.9,NA,NA,NA
ABC-01,4,108,2013,12,10,NA,NA,NA,1.4,NA,NA,-2.7,NA,NA,NA,NA,NA,NA,NA,10/12/2013,-2.7,NA,NA,NA
ABC-01,4,108,2014,3,6,NA,NA,NA,1.4,NA,NA,-2,NA,NA,NA,NA,NA,NA,NA,06/03/2014,-2,NA,NA,NA
ABC-01,4,109,2013,9,24,NA,NA,NA,1.4,NA,NA,1.46,NA,NA,NA,NA,NA,NA,NA,24/09/2013,1.46,NA,NA,NA
ABC-01,4,109,2013,12,10,NA,NA,NA,1.4,NA,NA,3.22,NA,NA,NA,NA,NA,NA,NA,10/12/2013,3.22,NA,NA,NA
ABC-01,4,111,2013,9,24,NA,NA,NA,1.5,NA,NA,0,NA,NA,NA,NA,NA,NA,NA,24/09/2013,0,NA,NA,NA
ABC-01,4,111,2013,12,10,NA,NA,NA,1.5,NA,NA,2.27,NA,NA,NA,NA,NA,NA,NA,10/12/2013,2.27,NA,NA,NA
ABC-01,4,111,2014,3,6,NA,NA,NA,1.5,NA,NA,4.4,NA,NA,NA,NA,NA,NA,NA,06/03/2014,4.4,NA,NA,NA
ABC-01,4,119,2013,9,24,NA,NA,NA,1.4,NA,NA,0,NA,NA,NA,NA,NA,NA,NA,24/09/2013,0,NA,NA,NA
ABC-01,4,119,2013,12,10,NA,NA,NA,1.4,NA,NA,0,NA,NA,NA,NA,NA,NA,NA,10/12/2013,0,NA,NA,NA
ABC-01,4,119,2014,3,6,NA,NA,NA,1.4,NA,NA,2.05,NA,NA,NA,NA,NA,NA,NA,06/03/2014,2.05,NA,NA,NA
ABC-01,4,120,2013,9,24,NA,NA,NA,1.4,NA,NA,-1.82,NA,NA,NA,NA,NA,NA,NA,24/09/2013,-1.82,NA,NA,NA
ABC-01,4,120,2013,12,10,NA,NA,NA,1.4,NA,NA,-2.2,NA,NA,NA,NA,NA,NA,NA,10/12/2013,-2.2,NA,NA,NA
ABC-01,4,120,2014,3,6,NA,NA,NA,1.4,NA,NA,-1.85,NA,NA,NA,NA,NA,NA,NA,06/03/2014,-1.85,NA,NA,NA
ABC-01,4,123,2013,9,24,NA,NA,NA,1.4,NA,NA,-1.12,NA,NA,NA,NA,NA,NA,NA,24/09/2013,-1.12,NA,NA,NA
ABC-01,4,123,2013,12,10,NA,NA,NA,1.4,NA,NA,0,NA,NA,NA,NA,NA,NA,NA,10/12/2013,0,NA,NA,NA
ABC-01,4,123,2014,3,6,NA,NA,NA,1.4,NA,NA,0.65,NA,NA,NA,NA,NA,NA,NA,06/03/2014,0.65,NA,NA,NA
ABC-01,4,133,2013,9,24,NA,NA,NA,1.4,NA,NA,0.96,NA,NA,NA,NA,NA,NA,NA,24/09/2013,0.96,NA,NA,NA
ABC-01,4,133,2013,12,10,NA,NA,NA,1.4,NA,NA,2.77,NA,NA,NA,NA,NA,NA,NA,10/12/2013,2.77,NA,NA,NA
ABC-01,4,133,2014,3,6,NA,NA,NA,1.4,NA,NA,3.8,NA,NA,NA,NA,NA,NA,NA,06/03/2014,3.8,NA,NA,NA
ABC-01,4,136,2013,9,24,NA,NA,NA,1.4,NA,NA,0,NA,NA,NA,NA,NA,NA,NA,24/09/2013,0,NA,NA,NA
ABC-01,4,136,2013,12,10,NA,NA,NA,1.4,NA,NA,0,NA,NA,NA,NA,NA,NA,NA,10/12/2013,0,NA,NA,NA
ABC-01,4,136,2014,3,6,NA,NA,NA,1.4,NA,NA,0,NA,NA,NA,NA,NA,NA,NA,06/03/2014,0,NA,NA,NA
ABC-01,4,137,2013,9,24,NA,NA,NA,1.4,NA,NA,-2.68,NA,NA,NA,NA,NA,NA,NA,24/09/2013,-2.68,NA,NA,NA
ABC-01,4,137,2013,12,10,NA,NA,NA,1.4,NA,NA,-3.14,NA,NA,NA,NA,NA,NA,NA,10/12/2013,-3.14,NA,NA,NA
ABC-01,4,137,2014,3,6,NA,NA,NA,1.4,NA,NA,-3.5,NA,NA,NA,NA,NA,NA,NA,06/03/2014,-3.5,NA,NA,NA
ABC-01,5,143,2013,9,24,NA,NA,NA,1.45,NA,NA,0,NA,NA,NA,NA,NA,NA,NA,24/09/2013,0,NA,NA,NA
ABC-01,5,143,2013,12,10,NA,NA,NA,1.45,NA,NA,0.9,NA,NA,NA,NA,NA,NA,NA,10/12/2013,0.9,NA,NA,NA
ABC-01,5,143,2014,3,6,NA,NA,NA,1.45,NA,NA,2.05,NA,NA,NA,NA,NA,NA,NA,06/03/2014,2.05,NA,NA,NA
ABC-01,5,144,2013,9,24,NA,NA,NA,1.4,NA,NA,0,NA,NA,NA,NA,NA,NA,NA,24/09/2013,0,NA,NA,NA
ABC-01,5,144,2013,12,10,NA,NA,NA,1.4,NA,NA,0,NA,NA,NA,NA,NA,NA,NA,10/12/2013,0,NA,NA,NA
ABC-01,5,144,2014,3,6,NA,NA,NA,1.4,NA,NA,0,NA,NA,NA,NA,NA,NA,NA,06/03/2014,0,NA,NA,NA
ABC-01,5,155,2014,3,6,NA,NA,NA,1.4,NA,NA,-1.46,NA,NA,NA,NA,NA,NA,NA,06/03/2014,-1.46,NA,NA,NA
ABC-01,5,158,2013,9,24,NA,NA,NA,1.4,NA,NA,0,NA,NA,NA,NA,NA,NA,NA,24/09/2013,0,NA,NA,NA
ABC-01,5,158,2013,12,10,NA,NA,NA,1.4,NA,NA,0,NA,NA,NA,NA,NA,NA,NA,10/12/2013,0,NA,NA,NA
ABC-01,5,158,2014,3,6,NA,NA,NA,1.4,NA,NA,0,NA,NA,NA,NA,NA,NA,NA,06/03/2014,0,NA,NA,NA
ABC-01,5,159,2013,9,24,NA,NA,NA,1.4,NA,NA,1.52,NA,NA,NA,NA,NA,NA,NA,24/09/2013,1.52,NA,NA,NA
ABC-01,5,159,2013,12,10,NA,NA,NA,1.4,NA,NA,3.5,NA,NA,NA,NA,NA,NA,NA,10/12/2013,3.5,NA,NA,NA
ABC-01,5,159,2014,3,6,NA,NA,NA,1.4,NA,NA,5.66,NA,NA,NA,NA,NA,NA,NA,06/03/2014,5.66,NA,NA,NA
ABC-01,5,162,2013,9,24,NA,NA,NA,1.35,NA,NA,1.58,NA,NA,NA,NA,NA,NA,NA,24/09/2013,1.58,NA,NA,NA
ABC-01,5,162,2013,12,10,NA,NA,NA,1.35,NA,NA,4.3,NA,NA,NA,NA,NA,NA,NA,10/12/2013,4.3,NA,NA,NA
ABC-01,5,162,2014,3,6,NA,NA,NA,1.35,NA,NA,7.15,NA,NA,NA,NA,NA,NA,NA,06/03/2014,7.15,NA,NA,NA
ABC-01,5,163,2013,9,24,NA,NA,NA,1.4,NA,NA,6.05,NA,NA,NA,NA,NA,NA,NA,24/09/2013,6.05,NA,NA,NA
ABC-01,5,163,2013,12,10,NA,NA,NA,1.4,NA,NA,10.3,NA,NA,NA,NA,NA,NA,NA,10/12/2013,10.3,NA,NA,NA
ABC-01,5,163,2014,3,6,NA,NA,NA,1.4,NA,NA,14.2,NA,NA,NA,NA,NA,NA,NA,06/03/2014,14.2,NA,NA,NA
ABC-01,5,168,2013,9,24,NA,NA,NA,1.35,NA,NA,0,NA,NA,NA,NA,NA,NA,NA,24/09/2013,0,NA,NA,NA
ABC-01,5,168,2013,12,10,NA,NA,NA,1.35,NA,NA,1.13,NA,NA,NA,NA,NA,NA,NA,10/12/2013,1.13,NA,NA,NA
ABC-01,5,168,2014,3,6,NA,NA,NA,1.35,NA,NA,1.6,NA,NA,NA,NA,NA,NA,NA,06/03/2014,1.6,NA,NA,NA
ABC-01,1,17,2013,9,24,NA,NA,NA,1.4,NA,NA,1.25,NA,NA,NA,NA,NA,NA,NA,24/09/2013,1.25,NA,NA,NA
ABC-01,1,17,2013,12,10,NA,NA,NA,1.4,NA,NA,4.7,NA,NA,NA,NA,NA,NA,NA,10/12/2013,4.7,NA,NA,NA
ABC-01,1,17,2014,3,6,NA,NA,NA,1.4,NA,NA,5.95,NA,NA,NA,NA,NA,NA,NA,06/03/2014,5.95,NA,NA,NA
ABC-01,6,184,2013,9,24,NA,NA,NA,1.4,NA,NA,7.16,NA,NA,NA,NA,NA,NA,NA,24/09/2013,7.16,NA,NA,NA
ABC-01,6,184,2013,12,10,NA,NA,NA,1.4,NA,NA,13.25,NA,NA,NA,NA,NA,NA,NA,10/12/2013,13.25,NA,NA,NA
ABC-01,6,184,2014,3,6,NA,NA,NA,1.4,NA,NA,23.85,NA,NA,NA,NA,NA,NA,NA,06/03/2014,23.85,NA,NA,NA
ABC-01,6,191,2013,9,24,NA,NA,NA,1.4,NA,NA,3.67,NA,NA,NA,NA,NA,NA,NA,24/09/2013,3.67,NA,NA,NA
ABC-01,6,191,2013,12,10,NA,NA,NA,1.4,NA,NA,6.5,NA,NA,NA,NA,NA,NA,NA,10/12/2013,6.5,NA,NA,NA
ABC-01,6,191,2014,3,6,NA,NA,NA,1.4,NA,NA,8.85,NA,NA,NA,NA,NA,NA,NA,06/03/2014,8.85,NA,NA,NA
ABC-01,6,194,2013,9,24,NA,NA,NA,1.4,NA,NA,1.24,NA,NA,NA,NA,NA,NA,NA,24/09/2013,1.24,NA,NA,NA
ABC-01,6,194,2013,12,10,NA,NA,NA,1.4,NA,NA,2.1,NA,NA,NA,NA,NA,NA,NA,10/12/2013,2.1,NA,NA,NA
ABC-01,6,194,2014,3,6,NA,NA,NA,1.4,NA,NA,2.4,NA,NA,NA,NA,NA,NA,NA,06/03/2014,2.4,NA,NA,NA
ABC-01,6,199,2013,9,24,NA,NA,NA,1.4,NA,NA,0,NA,NA,NA,NA,NA,NA,NA,24/09/2013,0,NA,NA,NA
ABC-01,6,199,2013,12,10,NA,NA,NA,1.4,NA,NA,0,NA,NA,NA,NA,NA,NA,NA,10/12/2013,0,NA,NA,NA
ABC-01,6,199,2014,3,6,NA,NA,NA,1.4,NA,NA,1.25,NA,NA,NA,NA,NA,NA,NA,06/03/2014,1.25,NA,NA,NA
ABC-01,1,20,2013,9,24,NA,NA,NA,1.4,NA,NA,1.4,NA,NA,NA,NA,NA,NA,NA,24/09/2013,1.4,NA,NA,NA
ABC-01,1,20,2013,12,10,NA,NA,NA,1.4,NA,NA,1.3,NA,NA,NA,NA,NA,NA,NA,10/12/2013,1.3,NA,NA,NA
ABC-01,1,20,2014,3,6,NA,NA,NA,1.4,NA,NA,0.5,NA,NA,NA,NA,NA,NA,NA,06/03/2014,0.5,NA,NA,NA
ABC-01,6,200,2013,9,24,NA,NA,NA,1.5,NA,NA,0,NA,NA,NA,NA,NA,NA,NA,24/09/2013,0,NA,NA,NA
ABC-01,6,200,2013,12,10,NA,NA,NA,1.5,NA,NA,0.2,NA,NA,NA,NA,NA,NA,NA,10/12/2013,0.2,NA,NA,NA
ABC-01,6,200,2014,3,6,NA,NA,NA,1.5,NA,NA,1.85,NA,NA,NA,NA,NA,NA,NA,06/03/2014,1.85,NA,NA,NA
ABC-01,6,211,2013,9,24,NA,NA,NA,1.4,NA,NA,0,NA,NA,NA,NA,NA,NA,NA,24/09/2013,0,NA,NA,NA
ABC-01,6,211,2013,12,10,NA,NA,NA,1.4,NA,NA,0,NA,NA,NA,NA,NA,NA,NA,10/12/2013,0,NA,NA,NA
ABC-01,6,211,2014,3,6,NA,NA,NA,1.4,NA,NA,0,NA,NA,NA,NA,NA,NA,NA,06/03/2014,0,NA,NA,NA
ABC-01,6,215,2013,9,24,NA,NA,NA,1.4,NA,NA,0,NA,NA,NA,NA,NA,NA,NA,24/09/2013,0,NA,NA,NA
ABC-01,6,215,2013,12,10,NA,NA,NA,1.4,NA,NA,1.8,NA,NA,NA,NA,NA,NA,NA,10/12/2013,1.8,NA,NA,NA
ABC-01,6,215,2014,3,6,NA,NA,NA,1.4,NA,NA,2.5,NA,NA,NA,NA,NA,NA,NA,06/03/2014,2.5,NA,NA,NA
ABC-01,6,229,2013,9,24,NA,NA,NA,1.4,NA,NA,-1.38,NA,NA,NA,NA,NA,NA,NA,24/09/2013,-1.38,NA,NA,NA
ABC-01,6,229,2013,12,10,NA,NA,NA,1.4,NA,NA,-1.92,NA,NA,NA,NA,NA,NA,NA,10/12/2013,-1.92,NA,NA,NA
ABC-01,6,229,2014,3,6,NA,NA,NA,1.4,NA,NA,0,NA,NA,NA,NA,NA,NA,NA,06/03/2014,0,NA,NA,NA
ABC-01,1,23,2013,9,24,NA,NA,NA,1.4,NA,NA,0.64,NA,NA,NA,NA,NA,NA,NA,24/09/2013,0.64,NA,NA,NA
ABC-01,1,23,2013,12,10,NA,NA,NA,1.4,NA,NA,0,NA,NA,NA,NA,NA,NA,NA,10/12/2013,0,NA,NA,NA
ABC-01,1,23,2014,3,6,NA,NA,NA,1.4,NA,NA,3.1,NA,NA,NA,NA,NA,NA,NA,06/03/2014,3.1,NA,NA,NA
ABC-01,6,232,2013,9,24,NA,NA,NA,1.4,NA,NA,5.9,NA,NA,NA,NA,NA,NA,NA,24/09/2013,5.9,NA,NA,NA
ABC-01,6,232,2013,12,10,NA,NA,NA,1.4,NA,NA,6.65,NA,NA,NA,NA,NA,NA,NA,10/12/2013,6.65,NA,NA,NA
ABC-01,6,232,2014,3,6,NA,NA,NA,1.4,NA,NA,8.45,NA,NA,NA,NA,NA,NA,NA,06/03/2014,8.45,NA,NA,NA
ABC-01,7,239,2013,9,24,NA,NA,NA,1.35,NA,NA,0,NA,NA,NA,NA,NA,NA,NA,24/09/2013,0,NA,NA,NA
ABC-01,7,239,2013,12,10,NA,NA,NA,1.35,NA,NA,1.2,NA,NA,NA,NA,NA,NA,NA,10/12/2013,1.2,NA,NA,NA
ABC-01,7,240,2013,12,10,NA,NA,NA,1.5,NA,NA,-1.7,NA,NA,NA,NA,NA,NA,NA,10/12/2013,-1.7,NA,NA,NA
ABC-01,7,240,2014,3,6,NA,NA,NA,1.5,NA,NA,-1.02,NA,NA,NA,NA,NA,NA,NA,06/03/2014,-1.02,NA,NA,NA
ABC-01,7,249,2013,9,24,NA,NA,NA,1.4,NA,NA,0,NA,NA,NA,NA,NA,NA,NA,24/09/2013,0,NA,NA,NA
ABC-01,7,249,2013,12,10,NA,NA,NA,1.4,NA,NA,0,NA,NA,NA,NA,NA,NA,NA,10/12/2013,0,NA,NA,NA
ABC-01,7,249,2014,3,6,NA,NA,NA,1.4,NA,NA,0.86,NA,NA,NA,NA,NA,NA,NA,06/03/2014,0.86,NA,NA,NA
ABC-01,7,255,2013,9,24,NA,NA,NA,1.4,NA,NA,0,NA,NA,NA,NA,NA,NA,NA,24/09/2013,0,NA,NA,NA
ABC-01,7,255,2013,12,10,NA,NA,NA,1.4,NA,NA,0,NA,NA,NA,NA,NA,NA,NA,10/12/2013,0,NA,NA,NA
ABC-01,7,255,2014,3,6,NA,NA,NA,1.4,NA,NA,1.44,NA,NA,NA,NA,NA,NA,NA,06/03/2014,1.44,NA,NA,NA
ABC-01,7,261,2013,9,24,NA,NA,NA,1.4,NA,NA,-2.56,NA,NA,NA,NA,NA,NA,NA,24/09/2013,-2.56,NA,NA,NA
ABC-01,7,261,2013,12,10,NA,NA,NA,1.4,NA,NA,-1.38,NA,NA,NA,NA,NA,NA,NA,10/12/2013,-1.38,NA,NA,NA
ABC-01,7,261,2014,3,6,NA,NA,NA,1.4,NA,NA,-2.44,NA,NA,NA,NA,NA,NA,NA,06/03/2014,-2.44,NA,NA,NA
ABC-01,7,273,2013,12,10,NA,NA,NA,1.35,NA,NA,7.78,NA,NA,NA,NA,NA,NA,NA,10/12/2013,7.78,NA,NA,NA
ABC-01,7,273,2014,3,6,NA,NA,NA,1.35,NA,NA,7.76,NA,NA,NA,NA,NA,NA,NA,06/03/2014,7.76,NA,NA,NA
ABC-01,7,277,2013,12,10,NA,NA,NA,1.35,NA,NA,9.65,NA,NA,NA,NA,NA,NA,NA,10/12/2013,9.65,NA,NA,NA
ABC-01,7,277,2014,3,6,NA,NA,NA,1.35,NA,NA,14.7,NA,NA,NA,NA,NA,NA,NA,06/03/2014,14.7,NA,NA,NA
ABC-01,1,28,2013,9,24,NA,NA,NA,1.4,NA,NA,0,NA,NA,NA,NA,NA,NA,NA,24/09/2013,0,NA,NA,NA
ABC-01,1,28,2013,12,10,NA,NA,NA,1.4,NA,NA,1.8,NA,NA,NA,NA,NA,NA,NA,10/12/2013,1.8,NA,NA,NA
ABC-01,1,28,2014,3,6,NA,NA,NA,1.4,NA,NA,3,NA,NA,NA,NA,NA,NA,NA,06/03/2014,3,NA,NA,NA
ABC-01,8,286,2013,9,24,NA,NA,NA,1.4,NA,NA,0,NA,NA,NA,NA,NA,NA,NA,24/09/2013,0,NA,NA,NA
ABC-01,8,286,2013,12,10,NA,NA,NA,1.4,NA,NA,0,NA,NA,NA,NA,NA,NA,NA,10/12/2013,0,NA,NA,NA
ABC-01,8,286,2014,3,6,NA,NA,NA,1.4,NA,NA,0,NA,NA,NA,NA,NA,NA,NA,06/03/2014,0,NA,NA,NA
ABC-01,1,29,2013,9,24,NA,NA,NA,1.4,NA,NA,0,NA,NA,NA,NA,NA,NA,NA,24/09/2013,0,NA,NA,NA
ABC-01,1,29,2013,12,10,NA,NA,NA,1.4,NA,NA,0,NA,NA,NA,NA,NA,NA,NA,10/12/2013,0,NA,NA,NA
ABC-01,1,29,2014,3,6,NA,NA,NA,1.4,NA,NA,1.9,NA,NA,NA,NA,NA,NA,NA,06/03/2014,1.9,NA,NA,NA
ABC-01,8,300,2013,9,24,NA,NA,NA,1.4,NA,NA,-0.12,NA,NA,NA,NA,NA,NA,NA,24/09/2013,-0.12,NA,NA,NA
ABC-01,8,300,2013,12,10,NA,NA,NA,1.4,NA,NA,1.8,NA,NA,NA,NA,NA,NA,NA,10/12/2013,1.8,NA,NA,NA
ABC-01,8,300,2014,3,6,NA,NA,NA,1.4,NA,NA,3.5,NA,NA,NA,NA,NA,NA,NA,06/03/2014,3.5,NA,NA,NA
ABC-01,8,301,2013,9,24,NA,NA,NA,1.4,NA,NA,-0.32,NA,NA,NA,NA,NA,NA,NA,24/09/2013,-0.32,NA,NA,NA
ABC-01,8,301,2013,12,10,NA,NA,NA,1.4,NA,NA,-1,NA,NA,NA,NA,NA,NA,NA,10/12/2013,-1,NA,NA,NA
ABC-01,8,301,2014,3,6,NA,NA,NA,1.4,NA,NA,-0.65,NA,NA,NA,NA,NA,NA,NA,06/03/2014,-0.65,NA,NA,NA
ABC-01,8,302,2013,9,24,NA,NA,NA,1.4,NA,NA,1.52,NA,NA,NA,NA,NA,NA,NA,24/09/2013,1.52,NA,NA,NA
ABC-01,8,302,2013,12,10,NA,NA,NA,1.4,NA,NA,3.6,NA,NA,NA,NA,NA,NA,NA,10/12/2013,3.6,NA,NA,NA
ABC-01,8,302,2014,3,6,NA,NA,NA,1.4,NA,NA,4.8,NA,NA,NA,NA,NA,NA,NA,06/03/2014,4.8,NA,NA,NA
ABC-01,8,305,2013,9,24,NA,NA,NA,1.4,NA,NA,-2.68,NA,NA,NA,NA,NA,NA,NA,24/09/2013,-2.68,NA,NA,NA
ABC-01,8,305,2013,12,10,NA,NA,NA,1.4,NA,NA,-3.2,NA,NA,NA,NA,NA,NA,NA,10/12/2013,-3.2,NA,NA,NA
ABC-01,8,305,2014,3,6,NA,NA,NA,1.4,NA,NA,-2.56,NA,NA,NA,NA,NA,NA,NA,06/03/2014,-2.56,NA,NA,NA
ABC-01,8,306,2013,9,24,NA,NA,NA,1.4,NA,NA,1.54,NA,NA,NA,NA,NA,NA,NA,24/09/2013,1.54,NA,NA,NA
ABC-01,8,306,2013,12,10,NA,NA,NA,1.4,NA,NA,3.12,NA,NA,NA,NA,NA,NA,NA,10/12/2013,3.12,NA,NA,NA
ABC-01,8,306,2014,3,6,NA,NA,NA,1.4,NA,NA,1.8,NA,NA,NA,NA,NA,NA,NA,06/03/2014,1.8,NA,NA,NA
ABC-01,8,307,2013,9,24,NA,NA,NA,1.5,NA,NA,-1.58,NA,NA,NA,NA,NA,NA,NA,24/09/2013,-1.58,NA,NA,NA
ABC-01,8,307,2013,12,10,NA,NA,NA,1.5,NA,NA,-1.68,NA,NA,NA,NA,NA,NA,NA,10/12/2013,-1.68,NA,NA,NA
ABC-01,8,307,2014,3,6,NA,NA,NA,1.5,NA,NA,-1.16,NA,NA,NA,NA,NA,NA,NA,06/03/2014,-1.16,NA,NA,NA
ABC-01,8,310,2013,9,24,NA,NA,NA,1.4,NA,NA,0.8,NA,NA,NA,NA,NA,NA,NA,24/09/2013,0.8,NA,NA,NA
ABC-01,8,310,2013,12,10,NA,NA,NA,1.4,NA,NA,2,NA,NA,NA,NA,NA,NA,NA,10/12/2013,2,NA,NA,NA
ABC-01,8,310,2014,3,6,NA,NA,NA,1.4,NA,NA,3.08,NA,NA,NA,NA,NA,NA,NA,06/03/2014,3.08,NA,NA,NA
ABC-01,9,317,2013,9,24,NA,NA,NA,1.35,NA,NA,0,NA,NA,NA,NA,NA,NA,NA,24/09/2013,0,NA,NA,NA
ABC-01,9,317,2013,12,10,NA,NA,NA,1.35,NA,NA,0,NA,NA,NA,NA,NA,NA,NA,10/12/2013,0,NA,NA,NA
ABC-01,9,317,2014,3,6,NA,NA,NA,1.35,NA,NA,1.62,NA,NA,NA,NA,NA,NA,NA,06/03/2014,1.62,NA,NA,NA
ABC-01,9,319,2013,9,24,NA,NA,NA,1.4,NA,NA,0,NA,NA,NA,NA,NA,NA,NA,24/09/2013,0,NA,NA,NA
ABC-01,9,319,2013,12,10,NA,NA,NA,1.4,NA,NA,0,NA,NA,NA,NA,NA,NA,NA,10/12/2013,0,NA,NA,NA
ABC-01,9,319,2014,3,6,NA,NA,NA,1.4,NA,NA,0,NA,NA,NA,NA,NA,NA,NA,06/03/2014,0,NA,NA,NA
ABC-01,9,320,2013,9,24,NA,NA,NA,1.35,NA,NA,0,NA,NA,NA,NA,NA,NA,NA,24/09/2013,0,NA,NA,NA
ABC-01,9,320,2013,12,10,NA,NA,NA,1.35,NA,NA,1.3,NA,NA,NA,NA,NA,NA,NA,10/12/2013,1.3,NA,NA,NA
ABC-01,9,320,2014,3,6,NA,NA,NA,1.35,NA,NA,2.36,NA,NA,NA,NA,NA,NA,NA,06/03/2014,2.36,NA,NA,NA
ABC-01,9,324,2013,9,24,NA,NA,NA,1.35,NA,NA,0,NA,NA,NA,NA,NA,NA,NA,24/09/2013,0,NA,NA,NA
ABC-01,9,324,2013,12,10,NA,NA,NA,1.35,NA,NA,0,NA,NA,NA,NA,NA,NA,NA,10/12/2013,0,NA,NA,NA
ABC-01,9,324,2014,3,6,NA,NA,NA,1.35,NA,NA,1.16,NA,NA,NA,NA,NA,NA,NA,06/03/2014,1.16,NA,NA,NA
ABC-01,9,330,2013,9,24,NA,NA,NA,1.45,NA,NA,-1.22,NA,NA,NA,NA,NA,NA,NA,24/09/2013,-1.22,NA,NA,NA
ABC-01,9,330,2013,12,10,NA,NA,NA,1.45,NA,NA,-2.1,NA,NA,NA,NA,NA,NA,NA,10/12/2013,-2.1,NA,NA,NA
ABC-01,9,330,2014,3,6,NA,NA,NA,1.45,NA,NA,-1.84,NA,NA,NA,NA,NA,NA,NA,06/03/2014,-1.84,NA,NA,NA
ABC-01,9,334,2013,9,24,NA,NA,NA,1.4,NA,NA,2.17,NA,NA,NA,NA,NA,NA,NA,24/09/2013,2.17,NA,NA,NA
ABC-01,9,334,2013,12,10,NA,NA,NA,1.4,NA,NA,3.21,NA,NA,NA,NA,NA,NA,NA,10/12/2013,3.21,NA,NA,NA
ABC-01,9,334,2014,3,6,NA,NA,NA,1.4,NA,NA,4.76,NA,NA,NA,NA,NA,NA,NA,06/03/2014,4.76,NA,NA,NA
ABC-01,9,335,2013,9,24,NA,NA,NA,1.4,NA,NA,-1.52,NA,NA,NA,NA,NA,NA,NA,24/09/2013,-1.52,NA,NA,NA
ABC-01,9,335,2013,12,10,NA,NA,NA,1.4,NA,NA,-3.49,NA,NA,NA,NA,NA,NA,NA,10/12/2013,-3.49,NA,NA,NA
ABC-01,9,335,2014,3,6,NA,NA,NA,1.4,NA,NA,-2.54,NA,NA,NA,NA,NA,NA,NA,06/03/2014,-2.54,NA,NA,NA
ABC-01,9,342,2013,9,24,NA,NA,NA,1.4,NA,NA,0,NA,NA,NA,NA,NA,NA,NA,24/09/2013,0,NA,NA,NA
ABC-01,9,342,2013,12,10,NA,NA,NA,1.4,NA,NA,0,NA,NA,NA,NA,NA,NA,NA,10/12/2013,0,NA,NA,NA
ABC-01,9,342,2014,3,6,NA,NA,NA,1.4,NA,NA,0,NA,NA,NA,NA,NA,NA,NA,06/03/2014,0,NA,NA,NA
ABC-01,10,346,2013,9,24,NA,NA,NA,1.4,NA,NA,0,NA,NA,NA,NA,NA,NA,NA,24/09/2013,0,NA,NA,NA
ABC-01,10,346,2013,12,10,NA,NA,NA,1.4,NA,NA,0,NA,NA,NA,NA,NA,NA,NA,10/12/2013,0,NA,NA,NA
ABC-01,10,346,2014,3,6,NA,NA,NA,1.4,NA,NA,-0.25,NA,NA,NA,NA,NA,NA,NA,06/03/2014,-0.25,NA,NA,NA
ABC-01,10,349,2013,9,24,NA,NA,NA,1.4,NA,NA,0,NA,NA,NA,NA,NA,NA,NA,24/09/2013,0,NA,NA,NA
ABC-01,10,349,2013,12,10,NA,NA,NA,1.4,NA,NA,2.52,NA,NA,NA,NA,NA,NA,NA,10/12/2013,2.52,NA,NA,NA
ABC-01,10,349,2014,3,6,NA,NA,NA,1.4,NA,NA,3.9,NA,NA,NA,NA,NA,NA,NA,06/03/2014,3.9,NA,NA,NA
ABC-01,10,365,2013,9,24,NA,NA,NA,1.4,NA,NA,3.8,NA,NA,NA,NA,NA,NA,NA,24/09/2013,3.8,NA,NA,NA
ABC-01,10,365,2013,12,10,NA,NA,NA,1.4,NA,NA,5,NA,NA,NA,NA,NA,NA,NA,10/12/2013,5,NA,NA,NA
ABC-01,10,365,2014,3,6,NA,NA,NA,1.4,NA,NA,5.95,NA,NA,NA,NA,NA,NA,NA,06/03/2014,5.95,NA,NA,NA
ABC-01,10,367,2013,9,24,NA,NA,NA,1.4,NA,NA,0,NA,NA,NA,NA,NA,NA,NA,24/09/2013,0,NA,NA,NA
ABC-01,10,367,2013,12,10,NA,NA,NA,1.4,NA,NA,0,NA,NA,NA,NA,NA,NA,NA,10/12/2013,0,NA,NA,NA
ABC-01,10,367,2014,3,6,NA,NA,NA,1.4,NA,NA,1,NA,NA,NA,NA,NA,NA,NA,06/03/2014,1,NA,NA,NA
ABC-01,10,368,2013,9,24,NA,NA,NA,1.4,NA,NA,4.23,NA,NA,NA,NA,NA,NA,NA,24/09/2013,4.23,NA,NA,NA
ABC-01,10,368,2013,12,10,NA,NA,NA,1.4,NA,NA,9.4,NA,NA,NA,NA,NA,NA,NA,10/12/2013,9.4,NA,NA,NA
ABC-01,10,368,2014,3,6,NA,NA,NA,1.4,NA,NA,11.15,NA,NA,NA,NA,NA,NA,NA,06/03/2014,11.15,NA,NA,NA
ABC-01,10,370,2013,9,24,NA,NA,NA,1.35,NA,NA,1.29,NA,NA,NA,NA,NA,NA,NA,24/09/2013,1.29,NA,NA,NA
ABC-01,10,370,2013,12,10,NA,NA,NA,1.35,NA,NA,2.5,NA,NA,NA,NA,NA,NA,NA,10/12/2013,2.5,NA,NA,NA
ABC-01,10,370,2014,3,6,NA,NA,NA,1.35,NA,NA,3.45,NA,NA,NA,NA,NA,NA,NA,06/03/2014,3.45,NA,NA,NA
ABC-01,10,371,2013,9,24,NA,NA,NA,1.4,NA,NA,0.37,NA,NA,NA,NA,NA,NA,NA,24/09/2013,0.37,NA,NA,NA
ABC-01,10,371,2013,12,10,NA,NA,NA,1.4,NA,NA,4,NA,NA,NA,NA,NA,NA,NA,10/12/2013,4,NA,NA,NA
ABC-01,10,371,2014,3,6,NA,NA,NA,1.4,NA,NA,5.75,NA,NA,NA,NA,NA,NA,NA,06/03/2014,5.75,NA,NA,NA
ABC-01,10,376,2013,9,24,NA,NA,NA,1.4,NA,NA,0,NA,NA,NA,NA,NA,NA,NA,24/09/2013,0,NA,NA,NA
ABC-01,10,376,2013,12,10,NA,NA,NA,1.4,NA,NA,1.1,NA,NA,NA,NA,NA,NA,NA,10/12/2013,1.1,NA,NA,NA
ABC-01,10,376,2014,3,6,NA,NA,NA,1.4,NA,NA,1.35,NA,NA,NA,NA,NA,NA,NA,06/03/2014,1.35,NA,NA,NA
ABC-01,11,378,2013,9,24,NA,NA,NA,1.4,NA,NA,1.32,NA,NA,NA,NA,NA,NA,NA,24/09/2013,1.32,NA,NA,NA
ABC-01,11,378,2013,12,10,NA,NA,NA,1.4,NA,NA,0.91,NA,NA,NA,NA,NA,NA,NA,10/12/2013,0.91,NA,NA,NA
ABC-01,11,378,2014,3,6,NA,NA,NA,1.4,NA,NA,0.1,NA,NA,NA,NA,NA,NA,NA,06/03/2014,0.1,NA,NA,NA
ABC-01,11,379,2013,9,24,NA,NA,NA,1.4,NA,NA,1.97,NA,NA,NA,NA,NA,NA,NA,24/09/2013,1.97,NA,NA,NA
ABC-01,11,379,2013,12,10,NA,NA,NA,1.4,NA,NA,1.98,NA,NA,NA,NA,NA,NA,NA,10/12/2013,1.98,NA,NA,NA
ABC-01,11,379,2014,3,6,NA,NA,NA,1.4,NA,NA,2.3,NA,NA,NA,NA,NA,NA,NA,06/03/2014,2.3,NA,NA,NA
ABC-01,1,38,2013,9,24,NA,NA,NA,1.4,NA,NA,0,NA,NA,NA,NA,NA,NA,NA,24/09/2013,0,NA,NA,NA
ABC-01,1,38,2013,12,10,NA,NA,NA,1.4,NA,NA,0,NA,NA,NA,NA,NA,NA,NA,10/12/2013,0,NA,NA,NA
ABC-01,1,38,2014,3,6,NA,NA,NA,1.4,NA,NA,2,NA,NA,NA,NA,NA,NA,NA,06/03/2014,2,NA,NA,NA
ABC-01,11,380,2013,9,24,NA,NA,NA,1.4,NA,NA,0,NA,NA,NA,NA,NA,NA,NA,24/09/2013,0,NA,NA,NA
ABC-01,11,380,2013,12,10,NA,NA,NA,1.4,NA,NA,0.2,NA,NA,NA,NA,NA,NA,NA,10/12/2013,0.2,NA,NA,NA
ABC-01,11,380,2014,3,6,NA,NA,NA,1.4,NA,NA,2.8,NA,NA,NA,NA,NA,NA,NA,06/03/2014,2.8,NA,NA,NA
ABC-01,11,392,2013,9,24,NA,NA,NA,1.35,NA,NA,0,NA,NA,NA,NA,NA,NA,NA,24/09/2013,0,NA,NA,NA
ABC-01,11,392,2013,12,10,NA,NA,NA,1.35,NA,NA,0.87,NA,NA,NA,NA,NA,NA,NA,10/12/2013,0.87,NA,NA,NA
ABC-01,11,392,2014,3,6,NA,NA,NA,1.35,NA,NA,3.15,NA,NA,NA,NA,NA,NA,NA,06/03/2014,3.15,NA,NA,NA
ABC-01,11,396,2013,9,24,NA,NA,NA,1.4,NA,NA,-2.2,NA,NA,NA,NA,NA,NA,NA,24/09/2013,-2.2,NA,NA,NA
ABC-01,11,396,2013,12,10,NA,NA,NA,1.4,NA,NA,0,NA,NA,NA,NA,NA,NA,NA,10/12/2013,0,NA,NA,NA
ABC-01,11,396,2014,3,6,NA,NA,NA,1.4,NA,NA,3.75,NA,NA,NA,NA,NA,NA,NA,06/03/2014,3.75,NA,NA,NA
ABC-01,11,399,2013,9,24,NA,NA,NA,1.35,NA,NA,0,NA,NA,NA,NA,NA,NA,NA,24/09/2013,0,NA,NA,NA
ABC-01,11,399,2013,12,10,NA,NA,NA,1.35,NA,NA,0,NA,NA,NA,NA,NA,NA,NA,10/12/2013,0,NA,NA,NA
ABC-01,11,399,2014,3,6,NA,NA,NA,1.35,NA,NA,0,NA,NA,NA,NA,NA,NA,NA,06/03/2014,0,NA,NA,NA
ABC-01,11,400,2013,9,24,NA,NA,NA,1.4,NA,NA,0,NA,NA,NA,NA,NA,NA,NA,24/09/2013,0,NA,NA,NA
ABC-01,11,400,2013,12,10,NA,NA,NA,1.4,NA,NA,1.9,NA,NA,NA,NA,NA,NA,NA,10/12/2013,1.9,NA,NA,NA
ABC-01,11,400,2014,3,6,NA,NA,NA,1.4,NA,NA,3.1,NA,NA,NA,NA,NA,NA,NA,06/03/2014,3.1,NA,NA,NA
ABC-01,11,402,2013,9,24,NA,NA,NA,1.45,NA,NA,0,NA,NA,NA,NA,NA,NA,NA,24/09/2013,0,NA,NA,NA
ABC-01,11,402,2013,12,10,NA,NA,NA,1.45,NA,NA,0,NA,NA,NA,NA,NA,NA,NA,10/12/2013,0,NA,NA,NA
ABC-01,11,402,2014,3,6,NA,NA,NA,1.45,NA,NA,2.15,NA,NA,NA,NA,NA,NA,NA,06/03/2014,2.15,NA,NA,NA
ABC-01,12,417,2013,9,24,NA,NA,NA,1.4,NA,NA,0.33,NA,NA,NA,NA,NA,NA,NA,24/09/2013,0.33,NA,NA,NA
ABC-01,12,417,2013,12,10,NA,NA,NA,1.4,NA,NA,0.25,NA,NA,NA,NA,NA,NA,corrected from 2.5,10/12/2013,0.25,NA,NA,NA
ABC-01,12,417,2014,3,6,NA,NA,NA,1.4,NA,NA,0.15,NA,NA,NA,NA,NA,NA,NA,06/03/2014,0.15,NA,NA,NA
ABC-01,12,418,2013,9,24,NA,NA,NA,1.4,NA,NA,2.3,NA,NA,NA,NA,NA,NA,NA,24/09/2013,2.3,NA,NA,NA
ABC-01,12,418,2013,12,10,NA,NA,NA,1.4,NA,NA,3.5,NA,NA,NA,NA,NA,NA,NA,10/12/2013,3.5,NA,NA,NA
ABC-01,12,418,2014,3,6,NA,NA,NA,1.4,NA,NA,4.8,NA,NA,NA,NA,NA,NA,NA,06/03/2014,4.8,NA,NA,NA
ABC-01,12,419,2013,9,24,NA,NA,NA,1.4,NA,NA,1.12,NA,NA,NA,NA,NA,NA,NA,24/09/2013,1.12,NA,NA,NA
ABC-01,12,419,2013,12,10,NA,NA,NA,1.4,NA,NA,2.16,NA,NA,NA,NA,NA,NA,NA,10/12/2013,2.16,NA,NA,NA
ABC-01,12,419,2014,3,6,NA,NA,NA,1.4,NA,NA,3.2,NA,NA,NA,NA,NA,NA,NA,06/03/2014,3.2,NA,NA,NA
ABC-01,2,42,2013,9,24,NA,NA,NA,1.4,NA,NA,0,NA,NA,NA,NA,NA,NA,NA,24/09/2013,0,NA,NA,NA
ABC-01,2,42,2013,12,10,NA,NA,NA,1.4,NA,NA,0,NA,NA,NA,NA,NA,NA,NA,10/12/2013,0,NA,NA,NA
ABC-01,2,42,2014,3,6,NA,NA,NA,1.4,NA,NA,0,NA,NA,NA,NA,NA,NA,NA,06/03/2014,0,NA,NA,NA
ABC-01,12,424,2013,9,24,NA,NA,NA,1.4,NA,NA,2.64,NA,NA,NA,NA,NA,NA,NA,24/09/2013,2.64,NA,NA,NA
ABC-01,12,424,2013,12,10,NA,NA,NA,1.4,NA,NA,3.34,NA,NA,NA,NA,NA,NA,NA,10/12/2013,3.34,NA,NA,NA
ABC-01,12,424,2014,3,6,NA,NA,NA,1.4,NA,NA,4.75,NA,NA,NA,NA,NA,NA,NA,06/03/2014,4.75,NA,NA,NA
ABC-01,12,425,2013,9,24,NA,NA,NA,1.4,NA,NA,1.82,NA,NA,NA,NA,NA,NA,NA,24/09/2013,1.82,NA,NA,NA
ABC-01,12,425,2013,12,10,NA,NA,NA,1.4,NA,NA,4.2,NA,NA,NA,NA,NA,NA,NA,10/12/2013,4.2,NA,NA,NA
ABC-01,12,425,2014,3,6,NA,NA,NA,1.4,NA,NA,7.1,NA,NA,NA,NA,NA,NA,NA,06/03/2014,7.1,NA,NA,NA
ABC-01,12,429,2013,9,24,NA,NA,NA,1.4,NA,NA,2.54,NA,NA,NA,NA,NA,NA,NA,24/09/2013,2.54,NA,NA,NA
ABC-01,12,429,2013,12,10,NA,NA,NA,1.4,NA,NA,2.6,NA,NA,NA,NA,NA,NA,NA,10/12/2013,2.6,NA,NA,NA
ABC-01,12,429,2014,3,6,NA,NA,NA,1.4,NA,NA,3.5,NA,NA,NA,NA,NA,NA,NA,06/03/2014,3.5,NA,NA,NA
ABC-01,2,43,2013,9,24,NA,NA,NA,1.4,NA,NA,0,NA,NA,NA,NA,NA,NA,NA,24/09/2013,0,NA,NA,NA
ABC-01,2,43,2013,12,10,NA,NA,NA,1.4,NA,NA,0,NA,NA,NA,NA,NA,NA,NA,10/12/2013,0,NA,NA,NA
ABC-01,2,43,2014,3,6,NA,NA,NA,1.4,NA,NA,1.35,NA,NA,NA,NA,NA,NA,NA,06/03/2014,1.35,NA,NA,NA
ABC-01,12,430,2013,9,24,NA,NA,NA,1.4,NA,NA,0.81,NA,NA,NA,NA,NA,NA,NA,24/09/2013,0.81,NA,NA,NA
ABC-01,12,430,2013,12,10,NA,NA,NA,1.4,NA,NA,0.91,NA,NA,NA,NA,NA,NA,NA,10/12/2013,0.91,NA,NA,NA
ABC-01,12,430,2014,3,6,NA,NA,NA,1.4,NA,NA,1.1,NA,NA,NA,NA,NA,NA,NA,06/03/2014,1.1,NA,NA,NA
ABC-01,12,433,2013,12,10,NA,NA,NA,1.5,NA,NA,0,NA,NA,NA,NA,NA,NA,NA,10/12/2013,0,NA,NA,NA
ABC-01,12,433,2014,3,6,NA,NA,NA,1.5,NA,NA,0,NA,NA,NA,NA,NA,NA,NA,06/03/2014,0,NA,NA,NA
ABC-01,13,440,2013,9,24,NA,NA,NA,1.4,NA,NA,1.32,NA,NA,NA,NA,NA,NA,NA,24/09/2013,1.32,NA,NA,NA
ABC-01,13,440,2013,12,10,NA,NA,NA,1.4,NA,NA,5.32,NA,NA,NA,NA,NA,NA,NA,10/12/2013,5.32,NA,NA,NA
ABC-01,13,440,2014,3,6,NA,NA,NA,1.4,NA,NA,13.4,NA,NA,NA,NA,NA,NA,NA,06/03/2014,13.4,NA,NA,NA
ABC-01,13,444,2013,9,24,NA,NA,NA,1.35,NA,NA,8.14,NA,NA,NA,NA,NA,NA,NA,24/09/2013,8.14,NA,NA,NA
ABC-01,13,444,2013,12,10,NA,NA,NA,1.35,NA,NA,13.5,NA,NA,NA,NA,NA,NA,NA,10/12/2013,13.5,NA,NA,NA
ABC-01,13,444,2014,3,6,NA,NA,NA,1.35,NA,NA,17.8,NA,NA,NA,NA,NA,NA,NA,06/03/2014,17.8,NA,NA,NA
ABC-01,13,445,2013,9,24,NA,NA,NA,1.4,NA,NA,7.19,NA,NA,NA,NA,NA,NA,NA,24/09/2013,7.19,NA,NA,NA
ABC-01,13,445,2013,12,10,NA,NA,NA,1.4,NA,NA,13.2,NA,NA,NA,NA,NA,NA,NA,10/12/2013,13.2,NA,NA,NA
ABC-01,13,445,2014,3,6,NA,NA,NA,1.4,NA,NA,23.25,NA,NA,NA,NA,NA,NA,NA,06/03/2014,23.25,NA,NA,NA
ABC-01,13,446,2013,9,24,NA,NA,NA,1.4,NA,NA,-0.88,NA,NA,NA,NA,NA,NA,NA,24/09/2013,-0.88,NA,NA,NA
ABC-01,13,446,2013,12,10,NA,NA,NA,1.4,NA,NA,-2.11,NA,NA,NA,NA,NA,NA,NA,10/12/2013,-2.11,NA,NA,NA
ABC-01,13,446,2014,3,6,NA,NA,NA,1.4,NA,NA,-1.65,NA,NA,NA,NA,NA,NA,NA,06/03/2014,-1.65,NA,NA,NA
ABC-01,13,447,2013,9,24,NA,NA,NA,1.9,NA,NA,0,NA,NA,NA,NA,NA,NA,NA,24/09/2013,0,NA,NA,NA
ABC-01,13,447,2013,12,10,NA,NA,NA,1.9,NA,NA,0,NA,NA,NA,NA,NA,NA,NA,10/12/2013,0,NA,NA,NA
ABC-01,13,447,2014,3,6,NA,NA,NA,1.9,NA,NA,1.35,NA,NA,NA,NA,NA,NA,NA,06/03/2014,1.35,NA,NA,NA
ABC-01,13,449,2013,9,24,NA,NA,NA,1.35,NA,NA,-1.72,NA,NA,NA,NA,NA,NA,NA,24/09/2013,-1.72,NA,NA,NA
ABC-01,13,449,2013,12,10,NA,NA,NA,1.35,NA,NA,-2.4,NA,NA,NA,NA,NA,NA,NA,10/12/2013,-2.4,NA,NA,NA
ABC-01,13,449,2014,3,6,NA,NA,NA,1.35,NA,NA,-2.25,NA,NA,NA,NA,NA,NA,NA,06/03/2014,-2.25,NA,NA,NA
ABC-01,13,453,2013,9,24,NA,NA,NA,1.35,NA,NA,0,NA,NA,NA,NA,NA,NA,NA,24/09/2013,0,NA,NA,NA
ABC-01,13,453,2013,12,10,NA,NA,NA,1.35,NA,NA,0,NA,NA,NA,NA,NA,NA,NA,10/12/2013,0,NA,NA,NA
ABC-01,13,453,2014,3,6,NA,NA,NA,1.35,NA,NA,1.1,NA,NA,NA,NA,NA,NA,NA,06/03/2014,1.1,NA,NA,NA
ABC-01,13,458,2013,9,24,NA,NA,NA,1.4,NA,NA,0,NA,NA,NA,NA,NA,NA,NA,24/09/2013,0,NA,NA,NA
ABC-01,13,458,2013,12,10,NA,NA,NA,1.4,NA,NA,0,NA,NA,NA,NA,NA,NA,NA,10/12/2013,0,NA,NA,NA
ABC-01,13,458,2014,3,6,NA,NA,NA,1.4,NA,NA,-1.25,NA,NA,NA,NA,NA,NA,NA,06/03/2014,-1.25,NA,NA,NA
ABC-01,14,468,2013,9,24,NA,NA,NA,1.4,NA,NA,0.49,NA,NA,NA,NA,NA,NA,NA,24/09/2013,0.49,NA,NA,NA
ABC-01,14,468,2013,12,10,NA,NA,NA,1.4,NA,NA,2.12,NA,NA,NA,NA,NA,NA,NA,10/12/2013,2.12,NA,NA,NA
ABC-01,14,468,2014,3,6,NA,NA,NA,1.4,NA,NA,3.7,NA,NA,NA,NA,NA,NA,NA,06/03/2014,3.7,NA,NA,NA
ABC-01,14,470,2013,9,24,NA,NA,NA,1.4,NA,NA,0,NA,NA,NA,NA,NA,NA,NA,24/09/2013,0,NA,NA,NA
ABC-01,14,470,2013,12,10,NA,NA,NA,1.4,NA,NA,-1.8,NA,NA,NA,NA,NA,NA,NA,10/12/2013,-1.8,NA,NA,NA
ABC-01,14,470,2014,3,6,NA,NA,NA,1.4,NA,NA,-0.8,NA,NA,NA,NA,NA,NA,NA,06/03/2014,-0.8,NA,NA,NA
ABC-01,14,472,2013,9,24,NA,NA,NA,1.5,NA,NA,0,NA,NA,NA,NA,NA,NA,NA,24/09/2013,0,NA,NA,NA
ABC-01,14,472,2013,12,10,NA,NA,NA,1.5,NA,NA,0,NA,NA,NA,NA,NA,NA,NA,10/12/2013,0,NA,NA,NA
ABC-01,14,472,2014,3,6,NA,NA,NA,1.5,NA,NA,1,NA,NA,NA,NA,NA,NA,NA,06/03/2014,1,NA,NA,NA
ABC-01,14,474,2013,9,24,NA,NA,NA,1.4,NA,NA,0,NA,NA,NA,NA,NA,NA,NA,24/09/2013,0,NA,NA,NA
ABC-01,14,474,2013,12,10,NA,NA,NA,1.4,NA,NA,0,NA,NA,NA,NA,NA,NA,NA,10/12/2013,0,NA,NA,NA
ABC-01,14,474,2014,3,6,NA,NA,NA,1.4,NA,NA,0.8,NA,NA,NA,NA,NA,NA,NA,06/03/2014,0.8,NA,NA,NA
ABC-01,14,476,2013,9,24,NA,NA,NA,1.5,NA,NA,0,NA,NA,NA,NA,NA,NA,NA,24/09/2013,0,NA,NA,NA
ABC-01,14,476,2013,12,10,NA,NA,NA,1.5,NA,NA,0,NA,NA,NA,NA,NA,NA,NA,10/12/2013,0,NA,NA,NA
ABC-01,14,476,2014,3,6,NA,NA,NA,1.5,NA,NA,1,NA,NA,NA,NA,NA,NA,NA,06/03/2014,1,NA,NA,NA
ABC-01,15,479,2013,9,24,NA,NA,NA,1.4,NA,NA,0,NA,NA,NA,NA,NA,NA,NA,24/09/2013,0,NA,NA,NA
ABC-01,15,479,2013,12,10,NA,NA,NA,1.4,NA,NA,0,NA,NA,NA,NA,NA,NA,NA,10/12/2013,0,NA,NA,NA
ABC-01,15,479,2014,3,6,NA,NA,NA,1.4,NA,NA,0.55,NA,NA,NA,NA,NA,NA,NA,06/03/2014,0.55,NA,NA,NA
ABC-01,2,48,2013,9,24,NA,NA,NA,1.4,NA,NA,1.62,NA,NA,NA,NA,NA,NA,NA,24/09/2013,1.62,NA,NA,NA
ABC-01,2,48,2013,12,10,NA,NA,NA,1.4,NA,NA,3.42,NA,NA,NA,NA,NA,NA,NA,10/12/2013,3.42,NA,NA,NA
ABC-01,2,48,2014,3,6,NA,NA,NA,1.4,NA,NA,4.55,NA,NA,NA,NA,NA,NA,NA,06/03/2014,4.55,NA,NA,NA
ABC-01,15,481,2013,9,24,NA,NA,NA,1.35,NA,NA,1.63,NA,NA,NA,NA,NA,NA,NA,24/09/2013,1.63,NA,NA,NA
ABC-01,15,481,2013,12,10,NA,NA,NA,1.35,NA,NA,1.72,NA,NA,NA,NA,NA,NA,NA,10/12/2013,1.72,NA,NA,NA
ABC-01,15,481,2014,3,6,NA,NA,NA,1.35,NA,NA,1.8,NA,NA,NA,NA,NA,NA,NA,06/03/2014,1.8,NA,NA,NA
ABC-01,15,484,2013,9,24,NA,NA,NA,1.35,NA,NA,-1.08,NA,NA,NA,NA,NA,NA,NA,24/09/2013,-1.08,NA,NA,NA
ABC-01,15,484,2013,12,10,NA,NA,NA,1.35,NA,NA,-2.3,NA,NA,NA,NA,NA,NA,NA,10/12/2013,-2.3,NA,NA,NA
ABC-01,15,484,2014,3,6,NA,NA,NA,1.35,NA,NA,-1.5,NA,NA,NA,NA,NA,NA,NA,06/03/2014,-1.5,NA,NA,NA
ABC-01,15,486,2013,9,24,NA,NA,NA,1.4,NA,NA,0,NA,NA,NA,NA,NA,NA,NA,24/09/2013,0,NA,NA,NA
ABC-01,15,486,2013,12,10,NA,NA,NA,1.4,NA,NA,0,NA,NA,NA,NA,NA,NA,NA,10/12/2013,0,NA,NA,NA
ABC-01,15,486,2014,3,6,NA,NA,NA,1.4,NA,NA,0,NA,NA,NA,NA,NA,NA,NA,06/03/2014,0,NA,NA,NA
ABC-01,15,487,2013,9,24,NA,NA,NA,1.35,NA,NA,2.56,NA,NA,NA,NA,NA,NA,NA,24/09/2013,2.56,NA,NA,NA
ABC-01,15,487,2013,12,10,NA,NA,NA,1.35,NA,NA,5.4,NA,NA,NA,NA,NA,NA,NA,10/12/2013,5.4,NA,NA,NA
ABC-01,15,487,2014,3,6,NA,NA,NA,1.35,NA,NA,7.7,NA,NA,NA,NA,NA,NA,NA,06/03/2014,7.7,NA,NA,NA
ABC-01,15,489,2013,9,24,NA,NA,NA,1.4,NA,NA,-2.1,NA,NA,NA,NA,NA,NA,NA,24/09/2013,-2.1,NA,NA,NA
ABC-01,15,489,2013,12,10,NA,NA,NA,1.4,NA,NA,-3.3,NA,NA,NA,NA,NA,NA,NA,10/12/2013,-3.3,NA,NA,NA
ABC-01,15,489,2014,3,6,NA,NA,NA,1.4,NA,NA,-2.05,NA,NA,NA,NA,NA,NA,NA,06/03/2014,-2.05,NA,NA,NA
ABC-01,15,490,2013,9,24,NA,NA,NA,1.4,NA,NA,1.45,NA,NA,NA,NA,NA,NA,NA,24/09/2013,1.45,NA,NA,NA
ABC-01,15,490,2013,12,10,NA,NA,NA,1.4,NA,NA,3.44,NA,NA,NA,NA,NA,NA,NA,10/12/2013,3.44,NA,NA,NA
ABC-01,15,490,2014,3,6,NA,NA,NA,1.4,NA,NA,4.45,NA,NA,NA,NA,NA,NA,NA,06/03/2014,4.45,NA,NA,NA
ABC-01,15,492,2013,9,24,NA,NA,NA,1.35,NA,NA,-1.18,NA,NA,NA,NA,NA,NA,NA,24/09/2013,-1.18,NA,NA,NA
ABC-01,15,492,2013,12,10,NA,NA,NA,1.35,NA,NA,0,NA,NA,NA,NA,NA,NA,NA,10/12/2013,0,NA,NA,NA
ABC-01,15,492,2014,3,6,NA,NA,NA,1.35,NA,NA,-0.65,NA,NA,NA,NA,NA,NA,NA,06/03/2014,-0.65,NA,NA,NA
ABC-01,2,50,2013,9,24,NA,NA,NA,1.4,NA,NA,2.2,NA,NA,NA,NA,NA,NA,NA,24/09/2013,2.2,NA,NA,NA
ABC-01,2,50,2013,12,10,NA,NA,NA,1.4,NA,NA,4.34,NA,NA,NA,NA,NA,NA,NA,10/12/2013,4.34,NA,NA,NA
ABC-01,2,50,2014,3,6,NA,NA,NA,1.4,NA,NA,6.3,NA,NA,NA,NA,NA,NA,NA,06/03/2014,6.3,NA,NA,NA
ABC-01,15,503,2013,9,24,NA,NA,NA,1.4,NA,NA,0,NA,NA,NA,NA,NA,NA,NA,24/09/2013,0,NA,NA,NA
ABC-01,15,503,2013,12,10,NA,NA,NA,1.4,NA,NA,1.17,NA,NA,NA,NA,NA,NA,NA,10/12/2013,1.17,NA,NA,NA
ABC-01,15,503,2014,3,6,NA,NA,NA,1.4,NA,NA,3.05,NA,NA,NA,NA,NA,NA,NA,06/03/2014,3.05,NA,NA,NA
ABC-01,15,506,2013,9,24,NA,NA,NA,1.4,NA,NA,0,NA,NA,NA,NA,NA,NA,NA,24/09/2013,0,NA,NA,NA
ABC-01,15,506,2013,12,10,NA,NA,NA,1.4,NA,NA,0.1,NA,NA,NA,NA,NA,NA,NA,10/12/2013,0.1,NA,NA,NA
ABC-01,15,506,2014,3,6,NA,NA,NA,1.4,NA,NA,1.15,NA,NA,NA,NA,NA,NA,NA,06/03/2014,1.15,NA,NA,NA
ABC-01,15,509,2013,9,24,NA,NA,NA,1.5,NA,NA,1.18,NA,NA,NA,NA,NA,NA,NA,24/09/2013,1.18,NA,NA,NA
ABC-01,15,509,2013,12,10,NA,NA,NA,1.5,NA,NA,1.2,NA,NA,NA,NA,NA,NA,NA,10/12/2013,1.2,NA,NA,NA
ABC-01,15,509,2014,3,6,NA,NA,NA,1.5,NA,NA,3.8,NA,NA,NA,NA,NA,NA,NA,06/03/2014,3.8,NA,NA,NA
ABC-01,16,511,2013,9,24,NA,NA,NA,1.35,NA,NA,-1.11,NA,NA,NA,NA,NA,NA,NA,24/09/2013,-1.11,NA,NA,NA
ABC-01,16,511,2013,12,10,NA,NA,NA,1.35,NA,NA,-2.4,NA,NA,NA,NA,NA,NA,NA,10/12/2013,-2.4,NA,NA,NA
ABC-01,16,511,2014,3,6,NA,NA,NA,1.35,NA,NA,-1.3,NA,NA,NA,NA,NA,NA,NA,06/03/2014,-1.3,NA,NA,NA
ABC-01,16,512,2013,9,24,NA,NA,NA,1.4,NA,NA,-2.1,NA,NA,NA,NA,NA,NA,NA,24/09/2013,-2.1,NA,NA,NA
ABC-01,16,512,2013,12,10,NA,NA,NA,1.4,NA,NA,-1.7,NA,NA,NA,NA,NA,NA,NA,10/12/2013,-1.7,NA,NA,NA
ABC-01,16,512,2014,3,6,NA,NA,NA,1.4,NA,NA,0,NA,NA,NA,NA,NA,NA,NA,06/03/2014,0,NA,NA,NA
ABC-01,16,516,2013,9,24,NA,NA,NA,1.4,NA,NA,0.92,NA,NA,NA,NA,NA,NA,NA,24/09/2013,0.92,NA,NA,NA
ABC-01,16,516,2013,12,10,NA,NA,NA,1.4,NA,NA,2.41,NA,NA,NA,NA,NA,NA,NA,10/12/2013,2.41,NA,NA,NA
ABC-01,16,516,2014,3,6,NA,NA,NA,1.4,NA,NA,5.14,NA,NA,NA,NA,NA,NA,NA,06/03/2014,5.14,NA,NA,NA
ABC-01,16,521,2013,9,24,NA,NA,NA,1.4,NA,NA,1.44,NA,NA,NA,NA,NA,NA,NA,24/09/2013,1.44,NA,NA,NA
ABC-01,16,521,2013,12,10,NA,NA,NA,1.4,NA,NA,1.92,NA,NA,NA,NA,NA,NA,NA,10/12/2013,1.92,NA,NA,NA
ABC-01,16,521,2014,3,6,NA,NA,NA,1.4,NA,NA,3.92,NA,NA,NA,NA,NA,NA,NA,06/03/2014,3.92,NA,NA,NA
ABC-01,16,525,2013,9,24,NA,NA,NA,1.4,NA,NA,-1.78,NA,NA,NA,NA,NA,NA,NA,24/09/2013,-1.78,NA,NA,NA
ABC-01,16,525,2013,12,10,NA,NA,NA,1.4,NA,NA,-2.37,NA,NA,NA,NA,NA,NA,NA,10/12/2013,-2.37,NA,NA,NA
ABC-01,16,525,2014,3,6,NA,NA,NA,1.4,NA,NA,-3.22,NA,NA,NA,NA,NA,NA,NA,06/03/2014,-3.22,NA,NA,NA
ABC-01,16,528,2013,9,24,NA,NA,NA,1.4,NA,NA,0,NA,NA,NA,NA,NA,NA,NA,24/09/2013,0,NA,NA,NA
ABC-01,16,528,2013,12,10,NA,NA,NA,1.4,NA,NA,0,NA,NA,NA,NA,NA,NA,NA,10/12/2013,0,NA,NA,NA
ABC-01,16,528,2014,3,6,NA,NA,NA,1.4,NA,NA,0,NA,NA,NA,NA,NA,NA,NA,06/03/2014,0,NA,NA,NA
ABC-01,16,536,2013,9,24,NA,NA,NA,1.4,NA,NA,3.94,NA,NA,NA,NA,NA,NA,NA,24/09/2013,3.94,NA,NA,NA
ABC-01,16,536,2013,12,10,NA,NA,NA,1.4,NA,NA,4.23,NA,NA,NA,NA,NA,NA,NA,10/12/2013,4.23,NA,NA,NA
ABC-01,16,536,2014,3,6,NA,NA,NA,1.4,NA,NA,7.78,NA,NA,NA,NA,NA,NA,NA,06/03/2014,7.78,NA,NA,NA
ABC-01,16,546,2013,12,10,NA,NA,NA,1.4,NA,NA,-2.5,NA,NA,NA,NA,NA,NA,NA,10/12/2013,-2.5,NA,NA,NA
ABC-01,16,546,2014,3,6,NA,NA,NA,1.4,NA,NA,-2.52,NA,NA,NA,NA,NA,NA,NA,06/03/2014,-2.52,NA,NA,NA
ABC-01,17,550,2013,9,24,NA,NA,NA,1.4,NA,NA,2.69,NA,NA,NA,NA,NA,NA,NA,24/09/2013,2.69,NA,NA,NA
ABC-01,17,550,2013,12,10,NA,NA,NA,1.4,NA,NA,5,NA,NA,NA,NA,NA,NA,NA,10/12/2013,5,NA,NA,NA
ABC-01,17,550,2014,3,6,NA,NA,NA,1.4,NA,NA,6.44,NA,NA,NA,NA,NA,NA,NA,06/03/2014,6.44,NA,NA,NA
ABC-01,17,554,2013,9,24,NA,NA,NA,1.35,NA,NA,0,NA,NA,NA,NA,NA,NA,NA,24/09/2013,0,NA,NA,NA
ABC-01,17,554,2013,12,10,NA,NA,NA,1.35,NA,NA,0,NA,NA,NA,NA,NA,NA,NA,10/12/2013,0,NA,NA,NA
ABC-01,17,554,2014,3,6,NA,NA,NA,1.35,NA,NA,-1.44,NA,NA,NA,NA,NA,NA,NA,06/03/2014,-1.44,NA,NA,NA
ABC-01,17,555,2013,9,24,NA,NA,NA,1.4,NA,NA,-0.9,NA,NA,NA,NA,NA,NA,NA,24/09/2013,-0.9,NA,NA,NA
ABC-01,17,555,2013,12,10,NA,NA,NA,1.4,NA,NA,-2,NA,NA,NA,NA,NA,NA,NA,10/12/2013,-2,NA,NA,NA
ABC-01,17,555,2014,3,6,NA,NA,NA,1.4,NA,NA,-1.9,NA,NA,NA,NA,NA,NA,NA,06/03/2014,-1.9,NA,NA,NA
ABC-01,17,569,2013,9,24,NA,NA,NA,1.5,NA,NA,2.68,NA,NA,NA,NA,NA,NA,NA,24/09/2013,2.68,NA,NA,NA
ABC-01,17,569,2013,12,10,NA,NA,NA,1.5,NA,NA,5.7,NA,NA,NA,NA,NA,NA,NA,10/12/2013,5.7,NA,NA,NA
ABC-01,17,569,2014,3,6,NA,NA,NA,1.5,NA,NA,7.7,NA,NA,NA,NA,NA,NA,NA,06/03/2014,7.7,NA,NA,NA
ABC-01,2,57,2013,9,24,NA,NA,NA,1.4,NA,NA,-2.3,NA,NA,NA,NA,NA,NA,corrected from 0.32,24/09/2013,-2.3,NA,NA,NA
ABC-01,2,57,2013,12,10,NA,NA,NA,1.4,NA,NA,-2.22,NA,NA,NA,NA,NA,NA,NA,10/12/2013,-2.22,NA,NA,NA
ABC-01,2,57,2014,3,6,NA,NA,NA,1.4,NA,NA,-0.4,NA,NA,NA,NA,NA,NA,NA,06/03/2014,-0.4,NA,NA,NA
ABC-01,17,571,2013,9,24,NA,NA,NA,1.4,NA,NA,0,NA,NA,NA,NA,NA,NA,NA,24/09/2013,0,NA,NA,NA
ABC-01,17,571,2013,12,10,NA,NA,NA,1.4,NA,NA,0,NA,NA,NA,NA,NA,NA,NA,10/12/2013,0,NA,NA,NA
ABC-01,17,571,2014,3,6,NA,NA,NA,1.4,NA,NA,0.08,NA,NA,NA,NA,NA,NA,NA,06/03/2014,0.08,NA,NA,NA
ABC-01,17,574,2013,9,24,NA,NA,NA,1.4,NA,NA,-0.24,NA,NA,NA,NA,NA,NA,NA,24/09/2013,-0.24,NA,NA,NA
ABC-01,17,574,2013,12,10,NA,NA,NA,1.4,NA,NA,0,NA,NA,NA,NA,NA,NA,NA,10/12/2013,0,NA,NA,NA
ABC-01,17,574,2014,3,6,NA,NA,NA,1.4,NA,NA,0,NA,NA,NA,NA,NA,NA,NA,06/03/2014,0,NA,NA,NA
ABC-01,17,586,2013,9,24,NA,NA,NA,1.4,NA,NA,0,NA,NA,NA,NA,NA,NA,NA,24/09/2013,0,NA,NA,NA
ABC-01,17,586,2013,12,10,NA,NA,NA,1.4,NA,NA,0,NA,NA,NA,NA,NA,NA,NA,10/12/2013,0,NA,NA,NA
ABC-01,17,586,2014,3,6,NA,NA,NA,1.4,NA,NA,1.3,NA,NA,NA,NA,NA,NA,NA,06/03/2014,1.3,NA,NA,NA
ABC-01,17,598,2013,9,24,NA,NA,NA,1.5,NA,NA,1.32,NA,NA,NA,NA,NA,NA,NA,24/09/2013,1.32,NA,NA,NA
ABC-01,17,598,2013,12,10,NA,NA,NA,1.5,NA,NA,2.29,NA,NA,NA,NA,NA,NA,NA,10/12/2013,2.29,NA,NA,NA
ABC-01,17,598,2014,3,6,NA,NA,NA,1.5,NA,NA,4.38,NA,NA,NA,NA,NA,NA,NA,06/03/2014,4.38,NA,NA,NA
ABC-01,1,6,2013,9,24,NA,NA,NA,1.4,NA,NA,-1.54,NA,NA,NA,NA,NA,NA,NA,24/09/2013,-1.54,NA,NA,NA
ABC-01,1,6,2013,12,10,NA,NA,NA,1.4,NA,NA,-2.1,NA,NA,NA,NA,NA,NA,NA,10/12/2013,-2.1,NA,NA,NA
ABC-01,1,6,2014,3,6,NA,NA,NA,1.4,NA,NA,-1.6,NA,NA,NA,NA,NA,NA,NA,06/03/2014,-1.6,NA,NA,NA
ABC-01,18,604,2013,9,24,NA,NA,NA,1.35,NA,NA,2.78,NA,NA,NA,NA,NA,NA,NA,24/09/2013,2.78,NA,NA,NA
ABC-01,18,604,2013,12,10,NA,NA,NA,1.35,NA,NA,5.11,NA,NA,NA,NA,NA,NA,NA,10/12/2013,5.11,NA,NA,NA
ABC-01,18,604,2014,3,6,NA,NA,NA,1.35,NA,NA,7.4,NA,NA,NA,NA,NA,NA,NA,06/03/2014,7.4,NA,NA,NA
ABC-01,18,606,2013,9,24,NA,NA,NA,1.4,NA,NA,0,NA,NA,NA,NA,NA,NA,NA,24/09/2013,0,NA,NA,NA
ABC-01,18,606,2013,12,10,NA,NA,NA,1.4,NA,NA,0,NA,NA,NA,NA,NA,NA,NA,10/12/2013,0,NA,NA,NA
ABC-01,18,606,2014,3,6,NA,NA,NA,1.4,NA,NA,0,NA,NA,NA,NA,NA,NA,NA,06/03/2014,0,NA,NA,NA
ABC-01,18,611,2013,9,24,NA,NA,NA,1.35,NA,NA,2.96,NA,NA,NA,NA,NA,NA,NA,24/09/2013,2.96,NA,NA,NA
ABC-01,18,611,2013,12,10,NA,NA,NA,1.35,NA,NA,6.33,NA,NA,NA,NA,NA,NA,NA,10/12/2013,6.33,NA,NA,NA
ABC-01,18,611,2014,3,6,NA,NA,NA,1.35,NA,NA,6.8,NA,NA,NA,NA,NA,NA,NA,06/03/2014,6.8,NA,NA,NA
ABC-01,18,614,2013,9,24,NA,NA,NA,1.35,NA,NA,-1.44,NA,NA,NA,NA,NA,NA,NA,24/09/2013,-1.44,NA,NA,NA
ABC-01,18,614,2013,12,10,NA,NA,NA,1.35,NA,NA,-0.24,NA,NA,NA,NA,NA,NA,NA,10/12/2013,-0.24,NA,NA,NA
ABC-01,18,614,2014,3,6,NA,NA,NA,1.35,NA,NA,-1.75,NA,NA,NA,NA,NA,NA,NA,06/03/2014,-1.75,NA,NA,NA
ABC-01,18,616,2013,9,24,NA,NA,NA,1.4,NA,NA,0,NA,NA,NA,NA,NA,NA,NA,24/09/2013,0,NA,NA,NA
ABC-01,18,616,2014,3,6,NA,NA,NA,1.4,NA,NA,6.12,NA,NA,NA,NA,NA,NA,NA,06/03/2014,6.12,NA,NA,NA
ABC-01,2,62,2013,9,24,NA,NA,NA,1.45,NA,NA,0.63,NA,NA,NA,NA,NA,NA,NA,24/09/2013,0.63,NA,NA,NA
ABC-01,2,62,2013,12,10,NA,NA,NA,1.45,NA,NA,0.75,NA,NA,NA,NA,NA,NA,NA,10/12/2013,0.75,NA,NA,NA
ABC-01,18,624,2013,9,24,NA,NA,NA,1.5,NA,NA,0,NA,NA,NA,NA,NA,NA,NA,24/09/2013,0,NA,NA,NA
ABC-01,18,626,2013,9,24,NA,NA,NA,1.4,NA,NA,0,NA,NA,NA,NA,NA,NA,NA,24/09/2013,0,NA,NA,NA
ABC-01,18,631,2013,9,24,NA,NA,NA,1.4,NA,NA,0.54,NA,NA,NA,NA,NA,NA,NA,24/09/2013,0.54,NA,NA,NA
ABC-01,18,631,2014,3,6,NA,NA,NA,1.4,NA,NA,0,NA,NA,NA,NA,NA,NA,NA,06/03/2014,0,NA,NA,NA
ABC-01,19,641,2013,9,24,NA,NA,NA,1.4,NA,NA,0,NA,NA,NA,NA,NA,NA,NA,24/09/2013,0,NA,NA,NA
ABC-01,19,641,2013,12,10,NA,NA,NA,1.4,NA,NA,1.21,NA,NA,NA,NA,NA,NA,NA,10/12/2013,1.21,NA,NA,NA
ABC-01,19,641,2014,3,6,NA,NA,NA,1.4,NA,NA,1.12,NA,NA,NA,NA,NA,NA,NA,06/03/2014,1.12,NA,NA,NA
ABC-01,19,644,2013,9,24,NA,NA,NA,1.4,NA,NA,3.92,NA,NA,NA,NA,NA,NA,NA,24/09/2013,3.92,NA,NA,NA
ABC-01,19,644,2013,12,10,NA,NA,NA,1.4,NA,NA,7.27,NA,NA,NA,NA,NA,NA,NA,10/12/2013,7.27,NA,NA,NA
ABC-01,19,644,2014,3,6,NA,NA,NA,1.4,NA,NA,12.62,NA,NA,NA,NA,NA,NA,NA,06/03/2014,12.62,NA,NA,NA
ABC-01,19,647,2013,9,24,NA,NA,NA,1.4,NA,NA,0,NA,NA,NA,NA,NA,NA,NA,24/09/2013,0,NA,NA,NA
ABC-01,19,647,2013,12,10,NA,NA,NA,1.4,NA,NA,0,NA,NA,NA,NA,NA,NA,NA,10/12/2013,0,NA,NA,NA
ABC-01,19,647,2014,3,6,NA,NA,NA,1.4,NA,NA,2.88,NA,NA,NA,NA,NA,NA,NA,06/03/2014,2.88,NA,NA,NA
ABC-01,19,650,2013,9,24,NA,NA,NA,1.5,NA,NA,0,NA,NA,NA,NA,NA,NA,NA,24/09/2013,0,NA,NA,NA
ABC-01,19,650,2013,12,10,NA,NA,NA,1.5,NA,NA,0,NA,NA,NA,NA,NA,NA,NA,10/12/2013,0,NA,NA,NA
ABC-01,19,650,2014,3,6,NA,NA,NA,1.5,NA,NA,0,NA,NA,NA,NA,NA,NA,NA,06/03/2014,0,NA,NA,NA
ABC-01,19,653,2013,9,24,NA,NA,NA,1.35,NA,NA,0.77,NA,NA,NA,NA,NA,NA,NA,24/09/2013,0.77,NA,NA,NA
ABC-01,19,653,2013,12,10,NA,NA,NA,1.35,NA,NA,1.15,NA,NA,NA,NA,NA,NA,NA,10/12/2013,1.15,NA,NA,NA
ABC-01,19,660,2013,9,24,NA,NA,NA,1.35,NA,NA,0,NA,NA,NA,NA,NA,NA,NA,24/09/2013,0,NA,NA,NA
ABC-01,19,660,2013,12,10,NA,NA,NA,1.35,NA,NA,0,NA,NA,NA,NA,NA,NA,NA,10/12/2013,0,NA,NA,NA
ABC-01,19,660,2014,3,6,NA,NA,NA,1.35,NA,NA,0,NA,NA,NA,NA,NA,NA,NA,06/03/2014,0,NA,NA,NA
ABC-01,19,663,2013,9,24,NA,NA,NA,1.4,NA,NA,0,NA,NA,NA,NA,NA,NA,NA,24/09/2013,0,NA,NA,NA
ABC-01,19,663,2013,12,10,NA,NA,NA,1.4,NA,NA,1.62,NA,NA,NA,NA,NA,NA,NA,10/12/2013,1.62,NA,NA,NA
ABC-01,19,663,2014,3,6,NA,NA,NA,1.4,NA,NA,1.56,NA,NA,NA,NA,NA,NA,NA,06/03/2014,1.56,NA,NA,NA
ABC-01,19,664,2013,9,24,NA,NA,NA,1.4,NA,NA,1.54,NA,NA,NA,NA,NA,NA,NA,24/09/2013,1.54,NA,NA,NA
ABC-01,19,664,2013,12,10,NA,NA,NA,1.4,NA,NA,1.14,NA,NA,NA,NA,NA,NA,NA,10/12/2013,1.14,NA,NA,NA
ABC-01,19,664,2014,3,6,NA,NA,NA,1.4,NA,NA,-1.4,NA,NA,NA,NA,NA,NA,NA,06/03/2014,-1.4,NA,NA,NA
ABC-01,20,672,2013,9,24,NA,NA,NA,1.5,NA,NA,2.44,NA,NA,NA,NA,NA,NA,NA,24/09/2013,2.44,NA,NA,NA
ABC-01,20,672,2013,12,10,NA,NA,NA,1.5,NA,NA,5.4,NA,NA,NA,NA,NA,NA,NA,10/12/2013,5.4,NA,NA,NA
ABC-01,20,672,2014,3,6,NA,NA,NA,1.5,NA,NA,10.09,NA,NA,NA,NA,NA,NA,NA,06/03/2014,10.09,NA,NA,NA
ABC-01,20,674,2013,9,24,NA,NA,NA,1.4,NA,NA,1.22,NA,NA,NA,NA,NA,NA,NA,24/09/2013,1.22,NA,NA,NA
ABC-01,20,674,2013,12,10,NA,NA,NA,1.4,NA,NA,3.17,NA,NA,NA,NA,NA,NA,NA,10/12/2013,3.17,NA,NA,NA
ABC-01,20,674,2014,3,6,NA,NA,NA,1.4,NA,NA,4.34,NA,NA,NA,NA,NA,NA,NA,06/03/2014,4.34,NA,NA,NA
ABC-01,20,676,2013,9,24,NA,NA,NA,1.4,NA,NA,2.66,NA,NA,NA,NA,NA,NA,NA,24/09/2013,2.66,NA,NA,NA
ABC-01,20,676,2013,12,10,NA,NA,NA,1.4,NA,NA,3.97,NA,NA,NA,NA,NA,NA,NA,10/12/2013,3.97,NA,NA,NA
ABC-01,20,676,2014,3,6,NA,NA,NA,1.4,NA,NA,4.72,NA,NA,NA,NA,NA,NA,NA,06/03/2014,4.72,NA,NA,NA
ABC-01,20,678,2013,9,24,NA,NA,NA,1.4,NA,NA,2.9,NA,NA,NA,NA,NA,NA,NA,24/09/2013,2.9,NA,NA,NA
ABC-01,20,678,2013,12,10,NA,NA,NA,1.4,NA,NA,4.69,NA,NA,NA,NA,NA,NA,NA,10/12/2013,4.69,NA,NA,NA
ABC-01,20,678,2014,3,6,NA,NA,NA,1.4,NA,NA,7.26,NA,NA,NA,NA,NA,NA,NA,06/03/2014,7.26,NA,NA,NA
ABC-01,20,681,2013,9,24,NA,NA,NA,1.4,NA,NA,1.32,NA,NA,NA,NA,NA,NA,NA,24/09/2013,1.32,NA,NA,NA
ABC-01,20,681,2013,12,10,NA,NA,NA,1.4,NA,NA,3.51,NA,NA,NA,NA,NA,NA,NA,10/12/2013,3.51,NA,NA,NA
ABC-01,20,681,2014,3,6,NA,NA,NA,1.4,NA,NA,4.4,NA,NA,NA,NA,NA,NA,NA,06/03/2014,4.4,NA,NA,NA
ABC-01,20,686,2013,12,10,NA,NA,NA,1.4,NA,NA,-1.6,NA,NA,NA,NA,NA,NA,NA,10/12/2013,-1.6,NA,NA,NA
ABC-01,20,691,2013,9,24,NA,NA,NA,1.5,NA,NA,1.69,NA,NA,NA,NA,NA,NA,NA,24/09/2013,1.69,NA,NA,NA
ABC-01,20,691,2013,12,10,NA,NA,NA,1.5,NA,NA,3.96,NA,NA,NA,NA,NA,NA,NA,10/12/2013,3.96,NA,NA,NA
ABC-01,20,691,2014,3,6,NA,NA,NA,1.5,NA,NA,4.72,NA,NA,NA,NA,NA,NA,NA,06/03/2014,4.72,NA,NA,NA
ABC-01,20,692,2013,9,24,NA,NA,NA,1.4,NA,NA,-0.9,NA,NA,NA,NA,NA,NA,NA,24/09/2013,-0.9,NA,NA,NA
ABC-01,20,692,2013,12,10,NA,NA,NA,1.4,NA,NA,0,NA,NA,NA,NA,NA,NA,NA,10/12/2013,0,NA,NA,NA
ABC-01,20,692,2014,3,6,NA,NA,NA,1.4,NA,NA,-1.3,NA,NA,NA,NA,NA,NA,NA,06/03/2014,-1.3,NA,NA,NA
ABC-01,2,70,2013,9,24,NA,NA,NA,1.7,NA,NA,3.45,NA,NA,NA,NA,NA,NA,NA,24/09/2013,3.45,NA,NA,NA
ABC-01,2,70,2013,12,10,NA,NA,NA,1.7,NA,NA,6.3,NA,NA,NA,NA,NA,NA,NA,10/12/2013,6.3,NA,NA,NA
ABC-01,2,70,2014,3,6,NA,NA,NA,1.7,NA,NA,9.9,NA,NA,NA,NA,NA,NA,NA,06/03/2014,9.9,NA,NA,NA
ABC-01,21,718,2013,9,24,NA,NA,NA,1.4,NA,NA,0,NA,NA,NA,NA,NA,NA,NA,24/09/2013,0,NA,NA,NA
ABC-01,21,718,2013,12,10,NA,NA,NA,1.4,NA,NA,0,NA,NA,NA,NA,NA,NA,NA,10/12/2013,0,NA,NA,NA
ABC-01,21,718,2014,3,6,NA,NA,NA,1.4,NA,NA,0,NA,NA,NA,NA,NA,NA,NA,06/03/2014,0,NA,NA,NA
ABC-01,21,720,2013,9,24,NA,NA,NA,1.5,NA,NA,0,NA,NA,NA,NA,NA,NA,NA,24/09/2013,0,NA,NA,NA
ABC-01,21,720,2013,12,10,NA,NA,NA,1.5,NA,NA,0,NA,NA,NA,NA,NA,NA,NA,10/12/2013,0,NA,NA,NA
ABC-01,21,720,2014,3,6,NA,NA,NA,1.5,NA,NA,1.5,NA,NA,NA,NA,NA,NA,NA,06/03/2014,1.5,NA,NA,NA
ABC-01,21,726,2013,9,24,NA,NA,NA,1.35,NA,NA,-1.46,NA,NA,NA,NA,NA,NA,NA,24/09/2013,-1.46,NA,NA,NA
ABC-01,21,726,2013,12,10,NA,NA,NA,1.35,NA,NA,0,NA,NA,NA,NA,NA,NA,NA,10/12/2013,0,NA,NA,NA
ABC-01,21,726,2014,3,6,NA,NA,NA,1.35,NA,NA,1.3,NA,NA,NA,NA,NA,NA,NA,06/03/2014,1.3,NA,NA,NA
ABC-01,21,731,2013,12,10,NA,NA,NA,1.4,NA,NA,-0.16,NA,NA,NA,NA,NA,NA,NA,10/12/2013,-0.16,NA,NA,NA
ABC-01,21,731,2014,3,6,NA,NA,NA,1.4,NA,NA,0,NA,NA,NA,NA,NA,NA,NA,06/03/2014,0,NA,NA,NA
ABC-01,21,732,2013,9,24,NA,NA,NA,1.4,NA,NA,-2.02,NA,NA,NA,NA,NA,NA,NA,24/09/2013,-2.02,NA,NA,NA
ABC-01,21,732,2013,12,10,NA,NA,NA,1.4,NA,NA,-3,NA,NA,NA,NA,NA,NA,NA,10/12/2013,-3,NA,NA,NA
ABC-01,21,732,2014,3,6,NA,NA,NA,1.4,NA,NA,-1.76,NA,NA,NA,NA,NA,NA,NA,06/03/2014,-1.76,NA,NA,NA
ABC-01,21,734,2013,9,24,NA,NA,NA,1.35,NA,NA,0,NA,NA,NA,NA,NA,NA,NA,24/09/2013,0,NA,NA,NA
ABC-01,21,734,2013,12,10,NA,NA,NA,1.35,NA,NA,0,NA,NA,NA,NA,NA,NA,NA,10/12/2013,0,NA,NA,NA
ABC-01,21,734,2014,3,6,NA,NA,NA,1.35,NA,NA,1.72,NA,NA,NA,NA,NA,NA,NA,06/03/2014,1.72,NA,NA,NA
ABC-01,21,737,2013,9,24,NA,NA,NA,1.35,NA,NA,0.82,NA,NA,NA,NA,NA,NA,NA,24/09/2013,0.82,NA,NA,NA
ABC-01,21,737,2013,12,10,NA,NA,NA,1.35,NA,NA,3.22,NA,NA,NA,NA,NA,NA,NA,10/12/2013,3.22,NA,NA,NA
ABC-01,21,737,2014,3,6,NA,NA,NA,1.35,NA,NA,2.54,NA,NA,NA,NA,NA,NA,NA,06/03/2014,2.54,NA,NA,NA
ABC-01,21,741,2013,9,24,NA,NA,NA,1.4,NA,NA,2.55,NA,NA,NA,NA,NA,NA,NA,24/09/2013,2.55,NA,NA,NA
ABC-01,21,741,2013,12,10,NA,NA,NA,1.4,NA,NA,3.61,NA,NA,NA,NA,NA,NA,NA,10/12/2013,3.61,NA,NA,NA
ABC-01,21,741,2014,3,6,NA,NA,NA,1.4,NA,NA,5.36,NA,NA,NA,NA,NA,NA,NA,06/03/2014,5.36,NA,NA,NA
ABC-01,22,748,2013,9,24,NA,NA,NA,1.35,NA,NA,1.22,NA,NA,NA,NA,NA,NA,NA,24/09/2013,1.22,NA,NA,NA
ABC-01,22,748,2013,12,10,NA,NA,NA,1.35,NA,NA,1.79,NA,NA,NA,NA,NA,NA,NA,10/12/2013,1.79,NA,NA,NA
ABC-01,22,748,2014,3,6,NA,NA,NA,1.35,NA,NA,1.24,NA,NA,NA,NA,NA,NA,corrected from -12.4,06/03/2014,1.24,NA,NA,NA
ABC-01,2,75,2013,9,24,NA,NA,NA,1.35,NA,NA,0.78,NA,NA,NA,NA,NA,NA,NA,24/09/2013,0.78,NA,NA,NA
ABC-01,2,75,2013,12,10,NA,NA,NA,1.35,NA,NA,3.2,NA,NA,NA,NA,NA,NA,NA,10/12/2013,3.2,NA,NA,NA
ABC-01,2,75,2014,3,6,NA,NA,NA,1.35,NA,NA,3.8,NA,NA,NA,NA,NA,NA,NA,06/03/2014,3.8,NA,NA,NA
ABC-01,22,750,2013,9,24,NA,NA,NA,1.5,NA,NA,0,NA,NA,NA,NA,NA,NA,NA,24/09/2013,0,NA,NA,NA
ABC-01,22,750,2013,12,10,NA,NA,NA,1.5,NA,NA,0,NA,NA,NA,NA,NA,NA,NA,10/12/2013,0,NA,NA,NA
ABC-01,22,753,2013,9,24,NA,NA,NA,1.4,NA,NA,0,NA,NA,NA,NA,NA,NA,NA,24/09/2013,0,NA,NA,NA
ABC-01,22,753,2013,12,10,NA,NA,NA,1.4,NA,NA,0,NA,NA,NA,NA,NA,NA,NA,10/12/2013,0,NA,NA,NA
ABC-01,22,753,2014,3,6,NA,NA,NA,1.4,NA,NA,3,NA,NA,NA,NA,NA,NA,NA,06/03/2014,3,NA,NA,NA
ABC-01,22,755,2013,9,24,NA,NA,NA,1.4,NA,NA,0.84,NA,NA,NA,NA,NA,NA,NA,24/09/2013,0.84,NA,NA,NA
ABC-01,22,755,2013,12,10,NA,NA,NA,1.4,NA,NA,2.53,NA,NA,NA,NA,NA,NA,NA,10/12/2013,2.53,NA,NA,NA
ABC-01,22,755,2014,3,6,NA,NA,NA,1.4,NA,NA,2.58,NA,NA,NA,NA,NA,NA,NA,06/03/2014,2.58,NA,NA,NA
ABC-01,22,761,2013,9,24,NA,NA,NA,1.5,NA,NA,4.24,NA,NA,NA,NA,NA,NA,NA,24/09/2013,4.24,NA,NA,NA
ABC-01,22,761,2013,12,10,NA,NA,NA,1.5,NA,NA,7.31,NA,NA,NA,NA,NA,NA,NA,10/12/2013,7.31,NA,NA,NA
ABC-01,22,761,2014,3,6,NA,NA,NA,1.5,NA,NA,12,NA,NA,NA,NA,NA,NA,NA,06/03/2014,12,NA,NA,NA
ABC-01,22,763,2013,9,24,NA,NA,NA,1.4,NA,NA,1.95,NA,NA,NA,NA,NA,NA,NA,24/09/2013,1.95,NA,NA,NA
ABC-01,22,763,2013,12,10,NA,NA,NA,1.4,NA,NA,2.35,NA,NA,NA,NA,NA,NA,NA,10/12/2013,2.35,NA,NA,NA
ABC-01,22,763,2014,3,6,NA,NA,NA,1.4,NA,NA,2.5,NA,NA,NA,NA,NA,NA,NA,06/03/2014,2.5,NA,NA,NA
ABC-01,22,764,2013,9,24,NA,NA,NA,1.4,NA,NA,0,NA,NA,NA,NA,NA,NA,NA,24/09/2013,0,NA,NA,NA
ABC-01,22,764,2013,12,10,NA,NA,NA,1.4,NA,NA,1.4,NA,NA,NA,NA,NA,NA,NA,10/12/2013,1.4,NA,NA,NA
ABC-01,22,764,2014,3,6,NA,NA,NA,1.4,NA,NA,2.15,NA,NA,NA,NA,NA,NA,NA,06/03/2014,2.15,NA,NA,NA
ABC-01,23,770,2013,9,24,NA,NA,NA,1.4,NA,NA,1.29,NA,NA,NA,NA,NA,NA,NA,24/09/2013,1.29,NA,NA,NA
ABC-01,23,770,2013,12,10,NA,NA,NA,1.4,NA,NA,2.16,NA,NA,NA,NA,NA,NA,NA,10/12/2013,2.16,NA,NA,NA
ABC-01,23,770,2014,3,6,NA,NA,NA,1.4,NA,NA,5.98,NA,NA,NA,NA,NA,NA,NA,06/03/2014,5.98,NA,NA,NA
ABC-01,23,771,2013,9,24,NA,NA,NA,1.4,NA,NA,1.14,NA,NA,NA,NA,NA,NA,NA,24/09/2013,1.14,NA,NA,NA
ABC-01,23,771,2013,12,10,NA,NA,NA,1.4,NA,NA,1.28,NA,NA,NA,NA,NA,NA,NA,10/12/2013,1.28,NA,NA,NA
ABC-01,23,771,2014,3,6,NA,NA,NA,1.4,NA,NA,0,NA,NA,NA,NA,NA,NA,NA,06/03/2014,0,NA,NA,NA
ABC-01,23,776,2013,9,24,NA,NA,NA,1.5,NA,NA,3.4,NA,NA,NA,NA,NA,NA,NA,24/09/2013,3.4,NA,NA,NA
ABC-01,23,776,2013,12,10,NA,NA,NA,1.5,NA,NA,5.32,NA,NA,NA,NA,NA,NA,NA,10/12/2013,5.32,NA,NA,NA
ABC-01,23,776,2014,3,6,NA,NA,NA,1.5,NA,NA,8.08,NA,NA,NA,NA,NA,NA,NA,06/03/2014,8.08,NA,NA,NA
ABC-01,23,777,2013,9,24,NA,NA,NA,1.35,NA,NA,-1.4,NA,NA,NA,NA,NA,NA,NA,24/09/2013,-1.4,NA,NA,NA
ABC-01,23,777,2013,12,10,NA,NA,NA,1.35,NA,NA,0,NA,NA,NA,NA,NA,NA,NA,10/12/2013,0,NA,NA,NA
ABC-01,23,777,2014,3,6,NA,NA,NA,1.35,NA,NA,1.06,NA,NA,NA,NA,NA,NA,NA,06/03/2014,1.06,NA,NA,NA
ABC-01,23,784,2013,9,24,NA,NA,NA,1.4,NA,NA,2.84,NA,NA,NA,NA,NA,NA,NA,24/09/2013,2.84,NA,NA,NA
ABC-01,23,784,2013,12,10,NA,NA,NA,1.4,NA,NA,5.83,NA,NA,NA,NA,NA,NA,NA,10/12/2013,5.83,NA,NA,NA
ABC-01,23,784,2014,3,6,NA,NA,NA,1.4,NA,NA,6.36,NA,NA,NA,NA,NA,NA,NA,06/03/2014,6.36,NA,NA,NA
ABC-01,23,792,2013,9,24,NA,NA,NA,1.4,NA,NA,-1.04,NA,NA,NA,NA,NA,NA,NA,24/09/2013,-1.04,NA,NA,NA
ABC-01,23,792,2013,12,10,NA,NA,NA,1.4,NA,NA,-1.04,NA,NA,NA,NA,NA,NA,NA,10/12/2013,-1.04,NA,NA,NA
ABC-01,23,794,2013,9,24,NA,NA,NA,1.4,NA,NA,0,NA,NA,NA,NA,NA,NA,NA,24/09/2013,0,NA,NA,NA
ABC-01,23,794,2013,12,10,NA,NA,NA,1.4,NA,NA,0,NA,NA,NA,NA,NA,NA,NA,10/12/2013,0,NA,NA,NA
ABC-01,23,794,2014,3,6,NA,NA,NA,1.4,NA,NA,0,NA,NA,NA,NA,NA,NA,NA,06/03/2014,0,NA,NA,NA
ABC-01,23,796,2013,9,24,NA,NA,NA,1.5,NA,NA,-0.04,NA,NA,NA,NA,NA,NA,NA,24/09/2013,-0.04,NA,NA,NA
ABC-01,23,796,2013,12,10,NA,NA,NA,1.5,NA,NA,-0.04,NA,NA,NA,NA,NA,NA,NA,10/12/2013,-0.04,NA,NA,NA
ABC-01,23,796,2014,3,6,NA,NA,NA,1.5,NA,NA,2.78,NA,NA,NA,NA,NA,NA,NA,06/03/2014,2.78,NA,NA,NA
ABC-01,24,799,2013,9,24,NA,NA,NA,1.4,NA,NA,-1.42,NA,NA,NA,NA,NA,NA,NA,24/09/2013,-1.42,NA,NA,NA
ABC-01,24,799,2013,12,10,NA,NA,NA,1.4,NA,NA,-1.3,NA,NA,NA,NA,NA,NA,NA,10/12/2013,-1.3,NA,NA,NA
ABC-01,24,799,2014,3,6,NA,NA,NA,1.4,NA,NA,-1.5,NA,NA,NA,NA,NA,NA,NA,06/03/2014,-1.5,NA,NA,NA
ABC-01,24,803,2013,9,24,NA,NA,NA,1.4,NA,NA,0,NA,NA,NA,NA,NA,NA,NA,24/09/2013,0,NA,NA,NA
ABC-01,24,803,2013,12,10,NA,NA,NA,1.4,NA,NA,0,NA,NA,NA,NA,NA,NA,NA,10/12/2013,0,NA,NA,NA
ABC-01,24,803,2014,3,6,NA,NA,NA,1.4,NA,NA,0,NA,NA,NA,NA,NA,NA,NA,06/03/2014,0,NA,NA,NA
ABC-01,24,808,2013,9,24,NA,NA,NA,1.4,NA,NA,0,NA,NA,NA,NA,NA,NA,NA,24/09/2013,0,NA,NA,NA
ABC-01,24,808,2013,12,10,NA,NA,NA,1.4,NA,NA,0,NA,NA,NA,NA,NA,NA,NA,10/12/2013,0,NA,NA,NA
ABC-01,24,808,2014,3,6,NA,NA,NA,1.4,NA,NA,0,NA,NA,NA,NA,NA,NA,NA,06/03/2014,0,NA,NA,NA
ABC-01,24,824,2013,9,24,NA,NA,NA,1.4,NA,NA,0.2,NA,NA,NA,NA,NA,NA,NA,24/09/2013,0.2,NA,NA,NA
ABC-01,24,824,2013,12,10,NA,NA,NA,1.4,NA,NA,1.39,NA,NA,NA,NA,NA,NA,NA,10/12/2013,1.39,NA,NA,NA
ABC-01,24,824,2014,3,6,NA,NA,NA,1.4,NA,NA,1.75,NA,NA,NA,NA,NA,NA,NA,06/03/2014,1.75,NA,NA,NA
ABC-01,24,827,2013,9,24,NA,NA,NA,1.35,NA,NA,-1.22,NA,NA,NA,NA,NA,NA,NA,24/09/2013,-1.22,NA,NA,NA
ABC-01,24,827,2014,3,6,NA,NA,NA,1.35,NA,NA,-1.5,NA,NA,NA,NA,NA,NA,NA,06/03/2014,-1.5,NA,NA,NA
ABC-01,24,828,2013,9,24,NA,NA,NA,1.35,NA,NA,-0.08,NA,NA,NA,NA,NA,NA,NA,24/09/2013,-0.08,NA,NA,NA
ABC-01,24,828,2013,12,10,NA,NA,NA,1.35,NA,NA,-1.3,NA,NA,NA,NA,NA,NA,corrected from -3.1,10/12/2013,-1.3,NA,NA,NA
ABC-01,24,828,2014,3,6,NA,NA,NA,1.35,NA,NA,-2.1,NA,NA,NA,NA,NA,NA,NA,06/03/2014,-2.1,NA,NA,NA
ABC-01,24,830,2013,9,24,NA,NA,NA,1.35,NA,NA,0.08,NA,NA,NA,NA,NA,NA,NA,24/09/2013,0.08,NA,NA,NA
ABC-01,24,830,2013,12,10,NA,NA,NA,1.35,NA,NA,2,NA,NA,NA,NA,NA,NA,NA,10/12/2013,2,NA,NA,NA
ABC-01,24,830,2014,3,6,NA,NA,NA,1.35,NA,NA,3.25,NA,NA,NA,NA,NA,NA,NA,06/03/2014,3.25,NA,NA,NA
ABC-01,24,832,2013,9,24,NA,NA,NA,1.4,NA,NA,0,NA,NA,NA,NA,NA,NA,NA,24/09/2013,0,NA,NA,NA
ABC-01,24,832,2013,12,10,NA,NA,NA,1.4,NA,NA,1.6,NA,NA,NA,NA,NA,NA,NA,10/12/2013,1.6,NA,NA,NA
ABC-01,24,832,2014,3,6,NA,NA,NA,1.4,NA,NA,3.65,NA,NA,NA,NA,NA,NA,NA,06/03/2014,3.65,NA,NA,NA
ABC-01,25,835,2013,9,24,NA,NA,NA,1.4,NA,NA,0,NA,NA,NA,NA,NA,NA,NA,24/09/2013,0,NA,NA,NA
ABC-01,25,835,2013,12,10,NA,NA,NA,1.4,NA,NA,-0.9,NA,NA,NA,NA,NA,NA,NA,10/12/2013,-0.9,NA,NA,NA
ABC-01,25,835,2014,3,6,NA,NA,NA,1.4,NA,NA,-0.2,NA,NA,NA,NA,NA,NA,NA,06/03/2014,-0.2,NA,NA,NA
ABC-01,25,836,2013,9,24,NA,NA,NA,1.4,NA,NA,1,NA,NA,NA,NA,NA,NA,NA,24/09/2013,1,NA,NA,NA
ABC-01,25,836,2013,12,10,NA,NA,NA,1.4,NA,NA,2.8,NA,NA,NA,NA,NA,NA,NA,10/12/2013,2.8,NA,NA,NA
ABC-01,25,836,2014,3,6,NA,NA,NA,1.4,NA,NA,3.95,NA,NA,NA,NA,NA,NA,NA,06/03/2014,3.95,NA,NA,NA
ABC-01,25,839,2013,9,24,NA,NA,NA,1.4,NA,NA,1.1,NA,NA,NA,NA,NA,NA,NA,24/09/2013,1.1,NA,NA,NA
ABC-01,25,839,2013,12,10,NA,NA,NA,1.4,NA,NA,1.91,NA,NA,NA,NA,NA,NA,NA,10/12/2013,1.91,NA,NA,NA
ABC-01,25,839,2014,3,6,NA,NA,NA,1.4,NA,NA,3.22,NA,NA,NA,NA,NA,NA,NA,06/03/2014,3.22,NA,NA,NA
ABC-01,25,840,2013,9,24,NA,NA,NA,1.4,NA,NA,2.74,NA,NA,NA,NA,NA,NA,NA,24/09/2013,2.74,NA,NA,NA
ABC-01,25,840,2013,12,10,NA,NA,NA,1.4,NA,NA,5.2,NA,NA,NA,NA,NA,NA,NA,10/12/2013,5.2,NA,NA,NA
ABC-01,25,840,2014,3,6,NA,NA,NA,1.4,NA,NA,8.1,NA,NA,NA,NA,NA,NA,NA,06/03/2014,8.1,NA,NA,NA
ABC-01,25,843,2013,9,24,NA,NA,NA,1.35,NA,NA,0,NA,NA,NA,NA,NA,NA,NA,24/09/2013,0,NA,NA,NA
ABC-01,25,843,2013,12,10,NA,NA,NA,1.35,NA,NA,0,NA,NA,NA,NA,NA,NA,NA,10/12/2013,0,NA,NA,NA
ABC-01,25,843,2014,3,6,NA,NA,NA,1.35,NA,NA,0,NA,NA,NA,NA,NA,NA,NA,06/03/2014,0,NA,NA,NA
ABC-01,25,844,2013,9,24,NA,NA,NA,1.5,NA,NA,0,NA,NA,NA,NA,NA,NA,NA,24/09/2013,0,NA,NA,NA
ABC-01,25,844,2013,12,10,NA,NA,NA,1.5,NA,NA,0,NA,NA,NA,NA,NA,NA,NA,10/12/2013,0,NA,NA,NA
ABC-01,25,844,2014,3,6,NA,NA,NA,1.5,NA,NA,-0.8,NA,NA,NA,NA,NA,NA,NA,06/03/2014,-0.8,NA,NA,NA
ABC-01,3,85,2013,9,24,NA,NA,NA,1.4,NA,NA,0,NA,NA,NA,NA,NA,NA,NA,24/09/2013,0,NA,NA,NA
ABC-01,3,85,2013,12,10,NA,NA,NA,1.4,NA,NA,3,NA,NA,NA,NA,NA,NA,NA,10/12/2013,3,NA,NA,NA
ABC-01,3,85,2014,3,6,NA,NA,NA,1.4,NA,NA,4.1,NA,NA,NA,NA,NA,NA,NA,06/03/2014,4.1,NA,NA,NA
ABC-01,25,851,2013,9,24,NA,NA,NA,1.4,NA,NA,-2.3,NA,NA,NA,NA,NA,NA,NA,24/09/2013,-2.3,NA,NA,NA
ABC-01,25,851,2013,12,10,NA,NA,NA,1.4,NA,NA,-1.47,NA,NA,NA,NA,NA,NA,NA,10/12/2013,-1.47,NA,NA,NA
ABC-01,25,851,2014,3,6,NA,NA,NA,1.4,NA,NA,-2.5,NA,NA,NA,NA,NA,NA,NA,06/03/2014,-2.5,NA,NA,NA
ABC-01,25,852,2013,9,24,NA,NA,NA,1.4,NA,NA,2,NA,NA,NA,NA,NA,NA,NA,24/09/2013,2,NA,NA,NA
ABC-01,25,852,2013,12,10,NA,NA,NA,1.4,NA,NA,4.33,NA,NA,NA,NA,NA,NA,NA,10/12/2013,4.33,NA,NA,NA
ABC-01,25,852,2014,3,6,NA,NA,NA,1.4,NA,NA,7.75,NA,NA,NA,NA,NA,NA,NA,06/03/2014,7.75,NA,NA,NA
ABC-01,3,86,2013,9,24,NA,NA,NA,1.35,NA,NA,0,NA,NA,NA,NA,NA,NA,NA,24/09/2013,0,NA,NA,NA
ABC-01,3,86,2013,12,10,NA,NA,NA,1.35,NA,NA,2.5,NA,NA,NA,NA,NA,NA,NA,10/12/2013,2.5,NA,NA,NA
ABC-01,3,86,2014,3,6,NA,NA,NA,1.35,NA,NA,3.3,NA,NA,NA,NA,NA,NA,NA,06/03/2014,3.3,NA,NA,NA
ABC-01,3,95,2013,9,24,NA,NA,NA,1.4,NA,NA,0,NA,NA,NA,NA,NA,NA,NA,24/09/2013,0,NA,NA,NA
ABC-01,3,95,2013,12,10,NA,NA,NA,1.4,NA,NA,1.78,NA,NA,NA,NA,NA,NA,NA,10/12/2013,1.78,NA,NA,NA
ABC-01,3,95,2014,3,6,NA,NA,NA,1.4,NA,NA,2.4,NA,NA,NA,NA,NA,NA,NA,06/03/2014,2.4,NA,NA,NA
ABC-01,3,97,2013,9,24,NA,NA,NA,1.4,NA,NA,0.3,NA,NA,NA,NA,NA,NA,NA,24/09/2013,0.3,NA,NA,NA
ABC-01,3,97,2013,12,10,NA,NA,NA,1.4,NA,NA,5.6,NA,NA,NA,NA,NA,NA,NA,10/12/2013,5.6,NA,NA,NA
ABC-01,3,97,2014,3,6,NA,NA,NA,1.4,NA,NA,11.8,NA,NA,NA,NA,NA,NA,NA,06/03/2014,11.8,NA,NA,NA
ABC-01,3,98,2013,9,24,NA,NA,NA,1.35,NA,NA,0,NA,NA,NA,NA,NA,NA,NA,24/09/2013,0,NA,NA,NA
ABC-01,3,98,2013,12,10,NA,NA,NA,1.35,NA,NA,2.5,NA,NA,NA,NA,NA,NA,NA,10/12/2013,2.5,NA,NA,NA
ABC-01,3,98,2014,3,6,NA,NA,NA,1.35,NA,NA,7.45,NA,NA,NA,NA,NA,NA,NA,06/03/2014,7.45,NA,NA,NA
