,,,,,,,,,,Census No: 1  Date: 20201230,,,,,,,,,,,,,,,,,,,Census No: 2  Date: 20201229,,,,,,,,,,,,,,,,,,,Census No: 3  Date: 20201228,,,,,,,,,,,,,,,,,,
Stem tag grouping,Tag No,T1,T2,X,Y,Family,original identification,Species,Tree Notes,D,POM,Extra D,Extra POM,Flag1,Flag2,Flag3,Flag4,LI,CI,CF,CD1,CD2,Height,Flag5,Height Broken At,Census Notes,voucher code,voucher collected,D,POM,Extra D,Extra POM,Flag1,Flag2,Flag3,Flag4,LI,CI,CF,CD1,CD2,Height,Flag5,Height Broken At,Census Notes,voucher code,voucher collected,D,POM,Extra D,Extra POM,Flag1,Flag2,Flag3,Flag4,LI,CI,CF,CD1,CD2,Height,Flag5,Height Broken At,Census Notes,voucher code,voucher collected
,363,1,,1,9,Sapindaceae,,Indet indet ,,108.0,1300,,,c,1,0,0,,,,,,,1,,,,,108.0,,,,c,1,0,0,,,,,,,,,,,,,,,,,,,,,,,,,,,,,,
,364,1,,2,4,Indet,,Indet indet,,125.0,1300,,,a,1,0,0,,,,,,,1,,,,,125.0,,,,a,1,0,0,,,,,,,,,,,,,,,,,,,,,,,,,,,,,,
,365,1,,6,5,Sapindaceae,,Nephelium rambutan,,124.0,1850,,,a,1,0,0,,,,,,,1,,,,,124.0,,,,a,1,0,0,,,,,,,,,,,,,,,,,,,,,,,,,,,,,,
,366,1,,,,Indet,,Indet indet,,143.0,1300,,,b,1,0,0,,,,,,,1,,,,,143.0,,,,b,1,0,0,,,,,,,,,,,,,,,,,,,,,,,,,,,,,,
,367,1,,,,Indet,,Indet indet,,177.0,1300,,,b,1,0,0,,,,,,,1,,,,,177.0,,,,b,1,0,0,,,,,,,,,,,,,,,,,,,,,,,,,,,,,,
,368,1,,,,Indet,,Indet indet,,117.0,1300,,,b,1,0,0,,,,,,,1,,,,,117.0,,,,b,1,0,0,,,,,,,,,,,,,,,,,,,,,,,,,,,,,,
,369,1,,18,16,Sapindaceae,,Paranephelium joannis,,151.0,1300,,,c,1,0,0,,,,,,,1,,,,,151.0,,,,c,1,0,0,,,,,,,,,,,,,,,,,,,,,,,,,,,,,,
,370,1,,,,Indet,,Indet indet,,112.0,1300,,,c,1,0,0,,,,,,,1,,,,,112.0,,,,c,1,0,0,,,,,,,,,,,,,,,,,,,,,,,,,,,,,,
,371,1,,8,11,Indet,,Indet indet,,182.0,1300,,,a,1,0,0,,,,,,,1,,,,,182.0,,,,a,1,0,0,,,,,,,,,,,,,,,,,,,,,,,,,,,,,,
,372,1,,3,17,Urticaceae,,Dendrocnide elliptica,,147.0,1300,,,a,1,0,0,,,,,,,1,,,,,147.0,,,,a,1,0,0,,,,,,,,,,,,,,,,,,,,,,,,,,,,,,
,373,1,,6,20,Dipterocarpaceae,,Shorea faguetiana,,128.0,1450,,,e,1,0,0,,,,,,,1,,,,,128.0,,,,e,1,0,0,,,,,,,,,,,,,,,,,,,,,,,,,,,,,,
,374,2,,,,Indet,,Indet indet,,105.0,1300,,,c,1,0,0,,,,,,,1,,,,,105.0,,,,c,1,0,0,,,,,,,,,,,,,,,,,,,,,,,,,,,,,,
,375,2,,6,18,Sapindaceae,,Nephelium rambutan,,205.0,1800,,,a,1,0,0,,,,,,,1,,,,,205.0,,,,a,1,0,0,,,,,,,,,,,,,,,,,,,,,,,,,,,,,,
,376,2,,6,19,Dipterocarpaceae,,Shorea faguetiana,,174.0,1300,,,a,1,0,0,,,,,,,1,,,,,174.0,,,,a,1,0,0,,,,,,,,,,,,,,,,,,,,,,,,,,,,,,
,377,2,,8,20,Sapindaceae,,Nephelium rambutan,,107.0,1300,,,bk,1,0,0,,,,,,,1,,,,,107.0,,,,bk,1,0,0,,,,,,,,,,,,,,,,,,,,,,,,,,,,,,
,378,2,,,,Urticaceae,,Dendrocnide elliptica,,189.0,1300,,,a,1,0,0,,,,,,,1,,,,,189.0,,,,a,1,0,0,,,,,,,,,,,,,,,,,,,,,,,,,,,,,,
,379,2,,6,11,Malvaceae,,Microcos crassifolia,,124.0,1300,,,c,1,0,0,,,,,,,1,,,,,124.0,,,,c,1,0,0,,,,,,,,,,,,,,,,,,,,,,,,,,,,,,
,380,2,,3,8,Dipterocarpaceae,,Dipterocarpus caudiferus,,110.0,1300,,,b,1,0,0,,,,,,,1,,,,,110.0,,,,b,1,0,0,,,,,,,,,,,,,,,,,,,,,,,,,,,,,,
,381,2,,20,20,Lauraceae,,Litsea grandis,,184.0,1300,,,b,1,0,0,,,,,,,1,,,,,184.0,,,,b,1,0,0,,,,,,,,,,,,,,,,,,,,,,,,,,,,,,
,382,2,,16,16,Sapindaceae,,Indet indet ,,105.0,1300,,,a,1,0,0,,,,,,,1,,,,,105.0,,,,a,1,0,0,,,,,,,,,,,,,,,,,,,,,,,,,,,,,,
,383,2,,15,18,Indet,,Indet indet,,157.0,1300,,,c,1,0,0,,,,,,,1,,,,,157.0,,,,c,1,0,0,,,,,,,,,,,,,,,,,,,,,,,,,,,,,,
,384,2,,,,Indet,,Indet indet,,108.0,1700,,,c,1,0,0,,,,,,,1,,,,,108.0,,,,c,1,0,0,,,,,,,,,,,,,,,,,,,,,,,,,,,,,,
,385,3,,9,18,Euphorbiaceae,,Macaranga gigantea,,106.0,1300,,,a,1,0,0,,,,,,,1,,,,,106.0,,,,a,1,0,0,,,,,,,,,,,,,,,,,,,,,,,,,,,,,,
,386,3,,13,15,Ebenaceae,,Diospyros pilosanthera,,140.0,1300,,,a,1,0,0,,,,,,,1,,,,,140.0,,,,a,1,0,0,,,,,,,,,,,,,,,,,,,,,,,,,,,,,,
,387,3,,15,4,Euphorbiaceae,,Macaranga pearsonii,,149.0,1300,,,a,1,0,0,,,,,,,1,,,,,149.0,,,,a,1,0,0,,,,,,,,,,,,,,,,,,,,,,,,,,,,,,
,388,3,,15,4,Euphorbiaceae,,Macaranga pearsonii,,203.0,1300,,,a,1,0,0,,,,,,,1,,,,,203.0,,,,a,1,0,0,,,,,,,,,,,,,,,,,,,,,,,,,,,,,,
,389,4,,2,8,Dipterocarpaceae,,Indet indet ,,115.0,1300,,,a,1,0,0,,,,,,,1,,,,,115.0,,,,a,1,0,0,,,,,,,,,,,,,,,,,,,,,,,,,,,,,,
,390,4,,5,8,Dipterocarpaceae,,Shorea macrophylla,,227.0,1300,,,a,1,0,0,,,,,,,1,,,,,227.0,,,,a,1,0,0,,,,,,,,,,,,,,,,,,,,,,,,,,,,,,
,391,4,,,,Dipterocarpaceae,,Shorea macrophylla,,209.0,1300,,,c,1,0,0,,,,,,,1,,,,,209.0,,,,c,1,0,0,,,,,,,,,,,,,,,,,,,,,,,,,,,,,,
,392,4,,5,10,Moraceae,,Artocarpus tamaran,,214.0,1300,,,a,1,0,0,,,,,,,1,,,,,214.0,,,,a,1,0,0,,,,,,,,,,,,,,,,,,,,,,,,,,,,,,
,393,4,,5,10,Dipterocarpaceae,,Dipterocarpus gracilis,,183.0,1300,,,a,1,0,0,,,,,,,1,,,,,183.0,,,,a,1,0,0,,,,,,,,,,,,,,,,,,,,,,,,,,,,,,
,394,4,,4,10,Annonaceae,,Phaeanthus splendens,,128.0,1300,,,ah,1,0,0,,,,,,,1,,,,,128.0,,,,ah,1,0,0,,,,,,,,,,,,,,,,,,,,,,,,,,,,,,
,395,4,,6,11,Annonaceae,,Phaeanthus splendens,,170.0,1300,,,ah,1,0,0,,,,,,,1,,,,,170.0,,,,ah,1,0,0,,,,,,,,,,,,,,,,,,,,,,,,,,,,,,
,396,4,,5,11,Indet,,Indet indet,,153.0,1300,,,a,1,0,0,,,,,,,1,,,,,153.0,,,,a,1,0,0,,,,,,,,,,,,,,,,,,,,,,,,,,,,,,
,397,4,,5,14,Lauraceae,,Lindera lucida,,315.0,1800,,,a,1,0,0,,,,,,,1,,,,,315.0,,,,a,1,0,0,,,,,,,,,,,,,,,,,,,,,,,,,,,,,,
,398,4,,4,7,Sapotaceae,,Palaquium dasyphyllum,,125.0,1300,,,b,1,0,0,,,,,,,1,,,,,125.0,,,,b,1,0,0,,,,,,,,,,,,,,,,,,,,,,,,,,,,,,
,399,4,,9,12,Dipterocarpaceae,,Shorea macrophylla,,268.0,1300,,,a,1,0,0,,,,,,,1,,,,,268.0,,,,a,1,0,0,,,,,,,,,,,,,,,,,,,,,,,,,,,,,,
,400,4,,9,10,Fagaceae,,Lithocarpus ureolaris,,227.0,1300,,,a,1,0,0,,,,,,,1,,,,,227.0,,,,a,1,0,0,,,,,,,,,,,,,,,,,,,,,,,,,,,,,,
,401,4,,13,10,Dipterocarpaceae,,Shorea fallax,,113.0,1300,,,a,1,0,0,,,,,,,1,,,,,113.0,,,,a,1,0,0,,,,,,,,,,,,,,,,,,,,,,,,,,,,,,
,402,4,,13,10,Dipterocarpaceae,,Dipterocarpus kunstleri,,121.0,1300,,,a,1,0,0,,,,,,,1,,,,,121.0,,,,a,1,0,0,,,,,,,,,,,,,,,,,,,,,,,,,,,,,,
,403,4,,15,12,Phyllanthaceae,,Baccaurea angulata,,150.0,1300,,,a,1,0,0,,,,,,,1,,,,,150.0,,,,a,1,0,0,,,,,,,,,,,,,,,,,,,,,,,,,,,,,,
,404,4,,15,13,Indet,,Indet indet,,105.0,1300,,,a,1,0,0,,,,,,,1,,,,,105.0,,,,a,1,0,0,,,,,,,,,,,,,,,,,,,,,,,,,,,,,,
,405,4,,10,5,Indet,,Indet indet,,116.0,1300,,,c,1,0,0,,,,,,,1,,,,,116.0,,,,c,1,0,0,,,,,,,,,,,,,,,,,,,,,,,,,,,,,,
,406,4,,9,19,Indet,,Indet indet,,100.0,1300,,,c,1,0,0,,,,,,,1,,,,,100.0,,,,c,1,0,0,,,,,,,,,,,,,,,,,,,,,,,,,,,,,,
,407,4,,9,17,Dipterocarpaceae,,Shorea parvistipulata ,,100.0,1300,,,c,1,0,0,,,,,,,1,,,,,100.0,,,,c,1,0,0,,,,,,,,,,,,,,,,,,,,,,,,,,,,,,
,408,4,,19,17,Dipterocarpaceae,,Indet indet ,,108.0,1300,,,ah,1,0,0,,,,,,,1,,,,,108.0,,,,ah,1,0,0,,,,,,,,,,,,,,,,,,,,,,,,,,,,,,
,5070,4,,16,16,Indet,,Indet indet,,113.0,1300,,,c,1,0,0,,,,,,,1,,,,,113.0,,,,c,1,0,0,,,,,,,,,,,,,,,,,,,,,,,,,,,,,,
,5071,4,,,,Indet,,Indet indet,,111.0,1300,,,a,1,0,0,,,,,,,1,,,,,111.0,,,,a,1,0,0,,,,,,,,,,,,,,,,,,,,,,,,,,,,,,
,5073,4,,18,17,Indet,,Indet indet,,120.0,1300,,,a,1,0,0,,,,,,,1,,,,,120.0,,,,a,1,0,0,,,,,,,,,,,,,,,,,,,,,,,,,,,,,,
,409,5,,,,Indet,,Indet indet,,365.0,1300,,,ch,1,0,0,,,,,,,1,,,,,365.0,,,,ch,1,0,0,,,,,,,,,,,,,,,,,,,,,,,,,,,,,,
,5068,5,,3,8,Indet,,Indet indet,,150.0,1300,,,a,1,0,0,,,,,,,1,,,,,150.0,,,,a,1,0,0,,,,,,,,,,,,,,,,,,,,,,,,,,,,,,
,5069,5,,-1,7,Indet,,Indet indet,,157.0,1300,,,c,1,0,0,,,,,,,1,,,,,157.0,,,,c,1,0,0,,,,,,,,,,,,,,,,,,,,,,,,,,,,,,
,5072,5,,-1,14,Indet,,Indet indet,,125.0,1300,,,ah,1,0,0,,,,,,,1,,,,,125.0,,,,ah,1,0,0,,,,,,,,,,,,,,,,,,,,,,,,,,,,,,
,5078,5,,6,18,Indet,,Indet indet,,155.0,1300,,,c,1,0,0,,,,,,,1,,,,,155.0,,,,c,1,0,0,,,,,,,,,,,,,,,,,,,,,,,,,,,,,,
,5079,5,,6,17,Indet,,Indet indet,,118.0,1300,,,a,1,0,0,,,,,,,1,,,,,118.0,,,,a,1,0,0,,,,,,,,,,,,,,,,,,,,,,,,,,,,,,
,5080,5,,,,Indet,,Indet indet,,465.0,1300,,,ah,1,0,0,,,,,,,1,,,,,465.0,,,,ah,1,0,0,,,,,,,,,,,,,,,,,,,,,,,,,,,,,,
,5081,5,,,,Indet,,Indet indet,,125.0,1300,,,a,1,0,0,,,,,,,1,,,,,125.0,,,,a,1,0,0,,,,,,,,,,,,,,,,,,,,,,,,,,,,,,
,5082,5,,7,13,Indet,,Indet indet,,184.0,1300,,,a,1,0,0,,,,,,,1,,,,,184.0,,,,a,1,0,0,,,,,,,,,,,,,,,,,,,,,,,,,,,,,,
,5083,5,,8,13,Indet,,Indet indet,,119.0,1300,,,a,1,0,0,,,,,,,1,,,,,119.0,,,,a,1,0,0,,,,,,,,,,,,,,,,,,,,,,,,,,,,,,
,5084,5,,9,13,Indet,,Indet indet,,125.0,1300,,,a,1,0,0,,,,,,,1,,,,,125.0,,,,a,1,0,0,,,,,,,,,,,,,,,,,,,,,,,,,,,,,,
,5085,5,,8,13,Indet,,Indet indet,,165.0,1300,,,c,1,0,0,,,,,,,1,,,,,165.0,,,,c,1,0,0,,,,,,,,,,,,,,,,,,,,,,,,,,,,,,
,5086,5,,8,15,Indet,,Indet indet,,145.0,1300,,,a,1,0,0,,,,,,,1,,,,,145.0,,,,a,1,0,0,,,,,,,,,,,,,,,,,,,,,,,,,,,,,,
,5087,5,,12,13,Indet,,Indet indet,,189.0,1300,,,a,1,0,0,,,,,,,1,,,,,189.0,,,,a,1,0,0,,,,,,,,,,,,,,,,,,,,,,,,,,,,,,
,5088,5,,20,21,Indet,,Indet indet,,107.0,1300,,,a,1,0,0,,,,,,,1,,,,,107.0,,,,a,1,0,0,,,,,,,,,,,,,,,,,,,,,,,,,,,,,,
,5089,5,,14,17,Indet,,Indet indet,,146.0,1300,,,a,1,0,0,,,,,,,1,,,,,146.0,,,,a,1,0,0,,,,,,,,,,,,,,,,,,,,,,,,,,,,,,
,5090,5,,14,15,Indet,,Indet indet,,116.0,1300,,,a,1,0,0,,,,,,,1,,,,,116.0,,,,a,1,0,0,,,,,,,,,,,,,,,,,,,,,,,,,,,,,,
,5091,5,,13,12,Indet,,Indet indet,,131.0,1300,,,a,1,0,0,,,,,,,1,,,,,131.0,,,,a,1,0,0,,,,,,,,,,,,,,,,,,,,,,,,,,,,,,
,5092,5,,15,12,Indet,,Indet indet,,114.0,1300,,,a,1,0,0,,,,,,,1,,,,,114.0,,,,a,1,0,0,,,,,,,,,,,,,,,,,,,,,,,,,,,,,,
,5093,5,,16,13,Indet,,Indet indet,,141.0,1300,,,b,1,0,0,,,,,,,1,,,,,141.0,,,,b,1,0,0,,,,,,,,,,,,,,,,,,,,,,,,,,,,,,
,5094,5,,18,13,Indet,,Indet indet,,189.0,1300,,,a,1,0,0,,,,,,,1,,,,,189.0,,,,a,1,0,0,,,,,,,,,,,,,,,,,,,,,,,,,,,,,,
,5095,5,,19,14,Indet,,Indet indet,,404.0,1300,,,ec,1,0,0,,,,,,,1,,,,,404.0,,,,ec,1,0,0,,,,,,,,,,,,,,,,,,,,,,,,,,,,,,
,5096,5,,19,18,Indet,,Indet indet,,127.0,1300,,,a,1,0,0,,,,,,,1,,,,,127.0,,,,a,1,0,0,,,,,,,,,,,,,,,,,,,,,,,,,,,,,,
,410,6,,14,22,Dipterocarpaceae,,Shorea angustifolia,,104.0,1300,,,a,1,0,0,,,,,,,1,,,,,104.0,,,,a,1,0,0,,,,,,,,,,,,,,,,,,,,,,,,,,,,,,
,411,6,,15,10,Rubiaceae,,Diplospora malaccensis,,129.0,1300,,,a,1,0,0,,,,,,,1,,,,,129.0,,,,a,1,0,0,,,,,,,,,,,,,,,,,,,,,,,,,,,,,,
,412,6,,14,10,Annonaceae,,Miliusa macropoda,,308.0,1300,,,a,1,0,0,,,,,,,1,,,,,308.0,,,,a,1,0,0,,,,,,,,,,,,,,,,,,,,,,,,,,,,,,
,413,6,,,,Indet,,Indet indet,,102.0,1300,,,bc,1,0,0,,,,,,,1,,,,,102.0,,,,bc,1,0,0,,,,,,,,,,,,,,,,,,,,,,,,,,,,,,
,414,6,,11,13,Sapotaceae,,Palaquium sericeum,,141.0,1300,,,b,1,0,0,,,,,,,1,,,,,141.0,,,,b,1,0,0,,,,,,,,,,,,,,,,,,,,,,,,,,,,,,
,415,6,,14,17,Euphorbiaceae,,Macaranga gigantea,,216.0,1300,,,a,1,0,0,,,,,,,1,,,,,216.0,,,,a,1,0,0,,,,,,,,,,,,,,,,,,,,,,,,,,,,,,
,416,6,,,,Dipterocarpaceae,,Vatica albiramis,,145.0,1300,,,a,1,0,0,,,,,,,1,,,,,145.0,,,,a,1,0,0,,,,,,,,,,,,,,,,,,,,,,,,,,,,,,
,417,6,,,,Euphorbiaceae,,Macaranga gigantea,,279.0,1300,,,a,1,0,0,,,,,,,1,,,,,279.0,,,,a,1,0,0,,,,,,,,,,,,,,,,,,,,,,,,,,,,,,
,418,6,,5,18,Euphorbiaceae,,Macaranga gigantea,,147.0,1300,,,a,1,0,0,,,,,,,1,,,,,147.0,,,,a,1,0,0,,,,,,,,,,,,,,,,,,,,,,,,,,,,,,
,419,6,,2,19,Euphorbiaceae,,Macaranga gigantea,,252.0,1300,,,a,1,0,0,,,,,,,1,,,,,252.0,,,,a,1,0,0,,,,,,,,,,,,,,,,,,,,,,,,,,,,,,
,420,6,,9,15,Dipterocarpaceae,,Shorea almon,,164.0,1300,,,a,1,0,0,,,,,,,1,,,,,164.0,,,,a,1,0,0,,,,,,,,,,,,,,,,,,,,,,,,,,,,,,
,421,6,,7,14,Euphorbiaceae,,Koilodepas longifolium,,151.0,1300,,,a,1,0,0,,,,,,,1,,,,,151.0,,,,a,1,0,0,,,,,,,,,,,,,,,,,,,,,,,,,,,,,,
,422,6,,10,12,Moraceae,,Artocarpus lanceifolius,,106.0,1300,,,a,1,0,0,,,,,,,1,,,,,106.0,,,,a,1,0,0,,,,,,,,,,,,,,,,,,,,,,,,,,,,,,
,423,6,,1,15,Fagaceae,,Trigonobalanus verticillata,,245.0,1800,,,a,1,0,0,,,,,,,1,,,,,245.0,,,,a,1,0,0,,,,,,,,,,,,,,,,,,,,,,,,,,,,,,
,424,6,,8,7,Indet,,Indet indet,,101.0,1300,,,a,1,0,0,,,,,,,1,,,,,101.0,,,,a,1,0,0,,,,,,,,,,,,,,,,,,,,,,,,,,,,,,
,425,6,,7,7,Alangiaceae,,Alangium javanicum,,137.0,1700,,,c,1,0,0,,,,,,,1,,,,,137.0,,,,c,1,0,0,,,,,,,,,,,,,,,,,,,,,,,,,,,,,,
,426,6,,4,5,Achariaceae,,Hydnocarpus anomala,,446.0,2000,,,a,1,0,0,,,,,,,1,,,,,446.0,,,,a,1,0,0,,,,,,,,,,,,,,,,,,,,,,,,,,,,,,
,5074,6,,4,4,Indet,,Indet indet,,158.0,1300,,,a,1,0,0,,,,,,,1,,,,,158.0,,,,a,1,0,0,,,,,,,,,,,,,,,,,,,,,,,,,,,,,,
,5075,6,,5,1,Indet,,Indet indet,,180.0,1300,,,a,1,0,0,,,,,,,1,,,,,180.0,,,,a,1,0,0,,,,,,,,,,,,,,,,,,,,,,,,,,,,,,
,5076,6,,8,20,Indet,,Indet indet,,199.0,1300,,,a,1,0,0,,,,,,,1,,,,,199.0,,,,a,1,0,0,,,,,,,,,,,,,,,,,,,,,,,,,,,,,,
,5077,6,,,,Indet,,Indet indet,,,,,,0,mph,,,,,,,,,,,,,,,,,,0,mph,,,,,,,,,,,,,,,,,,,,,,,,,,,,,,,,
,5097,6,,,,Indet,,Indet indet,,,1300,,,c,1,0,0,,,,,,,1,,,,,,,,,c,1,0,0,,,,,,,,,,,,,,,,,,,,,,,,,,,,,,
,5098,6,,18,19,Indet,,Indet indet,,,1300,,,a,1,0,0,,,,,,,1,,,,,,,,,a,1,0,0,,,,,,,,,,,,,,,,,,,,,,,,,,,,,,
,5099,6,,17,19,Indet,,Indet indet,,,1300,,,a,1,0,0,,,,,,,1,,,,,,,,,a,1,0,0,,,,,,,,,,,,,,,,,,,,,,,,,,,,,,
,5100,6,,16,21,Indet,,Indet indet,,,1300,,,a,1,0,0,,,,,,,1,,,,,,,,,a,1,0,0,,,,,,,,,,,,,,,,,,,,,,,,,,,,,,
,5101,6,,12,21,Indet,,Indet indet,,,1300,,,a,1,0,0,,,,,,,1,,,,,,,,,a,1,0,0,,,,,,,,,,,,,,,,,,,,,,,,,,,,,,
,427,7,,19,2,Phyllanthaceae,,Cleistanthus myrianthus,,,1300,,,c,1,0,0,,,,,,,1,,,,,,,,,c,1,0,0,,,,,,,,,,,,,,,,,,,,,,,,,,,,,,
,428,7,,15,4,Euphorbiaceae,,Mallotus stipularis,,,1300,,,a,1,0,0,,,,,,,1,,,,,,,,,a,1,0,0,,,,,,,,,,,,,,,,,,,,,,,,,,,,,,
,429,7,,17,12,Euphorbiaceae,,Mallotus stipularis,,,1300,,,a,1,0,0,,,,,,,1,,,,,,,,,a,1,0,0,,,,,,,,,,,,,,,,,,,,,,,,,,,,,,
,430,7,,17,12,Dipterocarpaceae,,Shorea ovata,,,1700,,,a,1,0,0,,,,,,,1,,,,,,,,,a,1,0,0,,,,,,,,,,,,,,,,,,,,,,,,,,,,,,
,431,7,,17,13,Dipterocarpaceae,,Parashorea tomentella,,,1300,,,c,1,0,0,,,,,,,1,,,,,,,,,c,1,0,0,,,,,,,,,,,,,,,,,,,,,,,,,,,,,,
,432,7,,13,12,Indet,,Indet indet,,,1300,,,c,1,0,0,,,,,,,1,,,,,,,,,c,1,0,0,,,,,,,,,,,,,,,,,,,,,,,,,,,,,,
,433,7,,13,12,Dipterocarpaceae,,Parashorea malaanonan,,,1300,,,a,1,0,0,,,,,,,1,,,,,,,,,a,1,0,0,,,,,,,,,,,,,,,,,,,,,,,,,,,,,,
,434,7,,,,Indet,,Indet indet,,,1300,,,a,1,0,0,,,,,,,1,,,,,,,,,a,1,0,0,,,,,,,,,,,,,,,,,,,,,,,,,,,,,,
,435,7,,12,11,Dipterocarpaceae,,Shorea pilosa,,,1300,,,a,1,0,0,,,,,,,1,,,,,,,,,a,1,0,0,,,,,,,,,,,,,,,,,,,,,,,,,,,,,,
,436,7,,12,14,Indet,,Indet indet,,,1300,,,a,1,0,0,,,,,,,1,,,,,,,,,a,1,0,0,,,,,,,,,,,,,,,,,,,,,,,,,,,,,,
,437,7,,14,15,Indet,,Indet indet,,,1300,,,a,1,0,0,,,,,,,1,,,,,,,,,a,1,0,0,,,,,,,,,,,,,,,,,,,,,,,,,,,,,,
,438,7,,17,14,Dipterocarpaceae,,Shorea fallax,,,1300,,,a,1,0,0,,,,,,,1,,,,,,,,,a,1,0,0,,,,,,,,,,,,,,,,,,,,,,,,,,,,,,
,439,7,,13,19,Indet,,Indet indet,,,1300,,,a,1,0,0,,,,,,,1,,,,,,,,,a,1,0,0,,,,,,,,,,,,,,,,,,,,,,,,,,,,,,
,440,7,,11,13,Dipterocarpaceae,,Parashorea malaanonan,,,1300,,,a,1,0,0,,,,,,,1,,,,,,,,,a,1,0,0,,,,,,,,,,,,,,,,,,,,,,,,,,,,,,
,441,7,,9,10,Euphorbiaceae,,Mallotus stipularis,,,1300,,,c,1,0,0,,,,,,,1,,,,,,,,,c,1,0,0,,,,,,,,,,,,,,,,,,,,,,,,,,,,,,
,442,7,,,,Indet,,Indet indet,,,1300,,,a,1,0,0,,,,,,,1,,,,,,,,,a,1,0,0,,,,,,,,,,,,,,,,,,,,,,,,,,,,,,
,443,7,,8,5,Dipterocarpaceae,,Indet indet,,,1300,,,a,1,0,0,,,,,,,1,,,,,,,,,a,1,0,0,,,,,,,,,,,,,,,,,,,,,,,,,,,,,,
,445,7,,5,3,Euphorbiaceae,,Macaranga hypoleuca,,,1300,,,a,1,0,0,,,,,,,1,,,,,,,,,a,1,0,0,,,,,,,,,,,,,,,,,,,,,,,,,,,,,,
,446,7,,,,Indet,,Indet indet,,,1300,,,a,1,0,0,,,,,,,1,,,,,,,,,a,1,0,0,,,,,,,,,,,,,,,,,,,,,,,,,,,,,,
,447,7,,,,Indet,,Indet indet,,,1300,,,a,1,0,0,,,,,,,1,,,,,,,,,a,1,0,0,,,,,,,,,,,,,,,,,,,,,,,,,,,,,,
,448,8,,20,20,Urticaceae,,Dendrocnide elliptica,,,1300,,,a,1,0,0,,,,,,,1,,,,,,,,,a,1,0,0,,,,,,,,,,,,,,,,,,,,,,,,,,,,,,
,449,8,,19,19,Indet,,Indet indet,,,1300,,,a,1,0,0,,,,,,,1,,,,,,,,,a,1,0,0,,,,,,,,,,,,,,,,,,,,,,,,,,,,,,
,450,8,,16,19,Sapindaceae,,Indet indet ,,,1300,,,a,1,0,0,,,,,,,1,,,,,,,,,a,1,0,0,,,,,,,,,,,,,,,,,,,,,,,,,,,,,,
,451,8,,11,11,Dipterocarpaceae,,Shorea ovata,,,1300,,,a,1,0,0,,,,,,,1,,,,,,,,,a,1,0,0,,,,,,,,,,,,,,,,,,,,,,,,,,,,,,
,452,8,,,,Indet,,Indet indet,,,2000,,,c,1,0,0,,,,,,,1,,,,,,,,,c,1,0,0,,,,,,,,,,,,,,,,,,,,,,,,,,,,,,
,453,8,,16,10,Celastraceae,,Lophopetalum javanicum,,,2500,,,a,1,0,0,,,,,,,1,,,,,,,,,a,1,0,0,,,,,,,,,,,,,,,,,,,,,,,,,,,,,,
,454,8,,,,Indet,,Indet indet,,,1300,,,a,1,0,0,,,,,,,1,,,,,,,,,a,1,0,0,,,,,,,,,,,,,,,,,,,,,,,,,,,,,,
,455,8,,,,Indet,,Indet indet,,,1300,,,a,1,0,0,,,,,,,1,,,,,,,,,a,1,0,0,,,,,,,,,,,,,,,,,,,,,,,,,,,,,,
,456,8,,10,7,Dipterocarpaceae,,Shorea macrophylla,,,1300,,,a,1,0,0,,,,,,,1,,,,,,,,,a,1,0,0,,,,,,,,,,,,,,,,,,,,,,,,,,,,,,
,457,8,,2,11,Pentaphyllaceae,,Adinandra borneensis,,,1300,,,a,1,0,0,,,,,,,1,,,,,,,,,a,1,0,0,,,,,,,,,,,,,,,,,,,,,,,,,,,,,,
,458,8,,2,11,Indet,,Indet indet,,,1300,,,a,1,0,0,,,,,,,1,,,,,,,,,a,1,0,0,,,,,,,,,,,,,,,,,,,,,,,,,,,,,,
,459,8,,,,Indet,,Indet indet,,,1300,,,b,1,0,0,,,,,,,1,,,,,,,,,b,1,0,0,,,,,,,,,,,,,,,,,,,,,,,,,,,,,,
,460,9,,16,16,Lamiaceae,,Callicarpa pentandra,,,1300,,,b,1,0,0,,,,,,,1,,,,,,,,,b,1,0,0,,,,,,,,,,,,,,,,,,,,,,,,,,,,,,
,461,9,,17,13,Dipterocarpaceae,,Shorea parvifolia,,,1300,,,a,1,0,0,,,,,,,1,,,,,,,,,a,1,0,0,,,,,,,,,,,,,,,,,,,,,,,,,,,,,,
,462,9,,11,11,Moraceae,,Ficus variegata,,,1300,,,a,1,0,0,,,,,,,1,,,,,,,,,a,1,0,0,,,,,,,,,,,,,,,,,,,,,,,,,,,,,,
,463,9,,9,15,Urticaceae,,Dendrocnide elliptica,,,1300,,,b,1,0,0,,,,,,,1,,,,,,,,,b,1,0,0,,,,,,,,,,,,,,,,,,,,,,,,,,,,,,
,464,9,,6,19,Euphorbiaceae,,Mallotus leucodermis,,,1300,,,db,1,0,0,,,,,,,1,,,,,,,,,db,1,0,0,,,,,,,,,,,,,,,,,,,,,,,,,,,,,,
,465,9,,1,19,Moraceae,,Artocarpus anisophyllus,,,1300,,,a,1,0,0,,,,,,,1,,,,,,,,,a,1,0,0,,,,,,,,,,,,,,,,,,,,,,,,,,,,,,
,466,9,,,,Indet,,Indet indet,,,1300,,,db,1,0,0,,,,,,,1,,,,,,,,,db,1,0,0,,,,,,,,,,,,,,,,,,,,,,,,,,,,,,
,467,9,,,,Euphorbiaceae,,Macaranga hypoleuca,,,1300,,,a,1,0,0,,,,,,,1,,,,,,,,,a,1,0,0,,,,,,,,,,,,,,,,,,,,,,,,,,,,,,
,468,9,,6,2,Urticaceae,,Dendrocnide elliptica,,,1300,,,a,1,0,0,,,,,,,1,,,,,,,,,a,1,0,0,,,,,,,,,,,,,,,,,,,,,,,,,,,,,,
,469,9,,13,6,Indet,,Indet indet,,,1300,,,a,1,0,0,,,,,,,1,,,,,,,,,a,1,0,0,,,,,,,,,,,,,,,,,,,,,,,,,,,,,,
,470,9,,8,5,Moraceae,,Ficus racemosa,,,1300,,,a,1,0,0,,,,,,,1,,,,,,,,,a,1,0,0,,,,,,,,,,,,,,,,,,,,,,,,,,,,,,
,471,9,,4,9,Indet,,Indet indet,,,1500,,,a,1,0,0,,,,,,,1,,,,,,,,,a,1,0,0,,,,,,,,,,,,,,,,,,,,,,,,,,,,,,
,472,10,,21,5,Lauraceae,,Litsea velvet,,,1300,,,ed,1,0,0,,,,,,,1,,,,,,,,,ed,1,0,0,,,,,,,,,,,,,,,,,,,,,,,,,,,,,,
,473,10,,,,Urticaceae,,Dendrocnide elliptica,,,1300,,,b,1,0,0,,,,,,,1,,,,,,,,,b,1,0,0,,,,,,,,,,,,,,,,,,,,,,,,,,,,,,
,474,10,,5,4,Indet,,Indet indet,,,1300,,,b,1,0,0,,,,,,,1,,,,,,,,,b,1,0,0,,,,,,,,,,,,,,,,,,,,,,,,,,,,,,
,475,10,,,,Urticaceae,,Dendrocnide elliptica,,,1300,,,b,1,0,0,,,,,,,1,,,,,,,,,b,1,0,0,,,,,,,,,,,,,,,,,,,,,,,,,,,,,,
,476,11,,13,2,Urticaceae,,Dendrocnide elliptica,,,1300,,,b,1,0,0,,,,,,,1,,,,,,,,,b,1,0,0,,,,,,,,,,,,,,,,,,,,,,,,,,,,,,
,477,11,,19,1,Dipterocarpaceae,,Shorea leprosula,,,2600,,,a,1,0,0,,,,,,,1,,,,,,,,,a,1,0,0,,,,,,,,,,,,,,,,,,,,,,,,,,,,,,
,478,11,,19,7,Malvaceae,,Pentace laxiflora,,,1300,,,ah,1,0,0,,,,,,,1,,,,,,,,,ah,1,0,0,,,,,,,,,,,,,,,,,,,,,,,,,,,,,,
,479,11,,19,7,Indet,,Indet indet,,,1300,,,ah,1,0,0,,,,,,,1,,,,,,,,,ah,1,0,0,,,,,,,,,,,,,,,,,,,,,,,,,,,,,,
,480,11,,,,Euphorbiaceae,,Macaranga gigantea,,,1300,,,a,1,0,0,,,,,,,1,,,,,,,,,a,1,0,0,,,,,,,,,,,,,,,,,,,,,,,,,,,,,,
,481,11,,7,12,Dipterocarpaceae,,Parashorea tomentella,,,1300,,,a,1,0,0,,,,,,,1,,,,,,,,,a,1,0,0,,,,,,,,,,,,,,,,,,,,,,,,,,,,,,
,482,11,,11,13,Dipterocarpaceae,,Parashorea malaanonan,,,1300,,,b,1,0,0,,,,,,,1,,,,,,,,,b,1,0,0,,,,,,,,,,,,,,,,,,,,,,,,,,,,,,
,483,11,,5,-1,Euphorbiaceae,,Mallotus leucodermis,,,1300,,,bd,1,0,0,,,,,,,1,,,,,,,,,bd,1,0,0,,,,,,,,,,,,,,,,,,,,,,,,,,,,,,
,484,11,,3,-3,Sapindaceae,,Nephelium rambutan,,,1300,,,c,1,0,0,,,,,,,1,,,,,,,,,c,1,0,0,,,,,,,,,,,,,,,,,,,,,,,,,,,,,,
,485,11,,4,-1,Euphorbiaceae,,Mallotus lackeyi,,,1300,,,d,1,0,0,,,,,,,1,,,,,,,,,d,1,0,0,,,,,,,,,,,,,,,,,,,,,,,,,,,,,,
,486,11,,16,17,Urticaceae,,Dendrocnide elliptica,,,1300,,,a,1,0,0,,,,,,,1,,,,,,,,,a,1,0,0,,,,,,,,,,,,,,,,,,,,,,,,,,,,,,
,487,12,,3,17,Indet,,Indet indet,,,1300,,,a,1,0,0,,,,,,,1,,,,,,,,,a,1,0,0,,,,,,,,,,,,,,,,,,,,,,,,,,,,,,
,488,12,,,,Indet,,Indet indet,,,2500,,,f,1,0,0,,,,,,,1,,,,,,,,,f,1,0,0,,,,,,,,,,,,,,,,,,,,,,,,,,,,,,
,489,12,,3,3,Polygalaceae,,Xanthophyllum vitellinum,,,1300,,,c,1,0,0,,,,,,,1,,,,,,,,,c,1,0,0,,,,,,,,,,,,,,,,,,,,,,,,,,,,,,
,490,12,,1,3,Indet,,Indet indet,,,1300,,,a,1,0,0,,,,,,,1,,,,,,,,,a,1,0,0,,,,,,,,,,,,,,,,,,,,,,,,,,,,,,
,491,12,,14,8,Dipterocarpaceae,,Parashorea tomentella,,,1300,,,a,1,0,0,,,,,,,1,,,,,,,,,a,1,0,0,,,,,,,,,,,,,,,,,,,,,,,,,,,,,,
,492,12,,13,10,Urticaceae,,Dendrocnide elliptica,,,1300,,,a,1,0,0,,,,,,,1,,,,,,,,,a,1,0,0,,,,,,,,,,,,,,,,,,,,,,,,,,,,,,
,493,12,,,,Urticaceae,,Dendrocnide elliptica,,,1300,,,a,1,0,0,,,,,,,1,,,,,,,,,a,1,0,0,,,,,,,,,,,,,,,,,,,,,,,,,,,,,,
,494,12,,17,4,Indet,,Indet indet,,,1300,,,c,1,0,0,,,,,,,1,,,,,,,,,c,1,0,0,,,,,,,,,,,,,,,,,,,,,,,,,,,,,,
,495,12,,17,5,Anacardiaceae,,Indet indet,,,1300,,,c,1,0,0,,,,,,,1,,,,,,,,,c,1,0,0,,,,,,,,,,,,,,,,,,,,,,,,,,,,,,
,496,13,,,,Dipterocarpaceae,,Shorea faguetiana,,,1300,,,db,1,0,0,,,,,,,1,,,,,,,,,db,1,0,0,,,,,,,,,,,,,,,,,,,,,,,,,,,,,,
,497,13,,2,4,Theaceae ,,Adinandra dumosa,,,1300,,,b,1,0,0,,,,,,,1,,,,,,,,,b,1,0,0,,,,,,,,,,,,,,,,,,,,,,,,,,,,,,
,498,13,,,,Indet,,Indet indet,,,1300,,,c,1,0,0,,,,,,,1,,,,,,,,,c,1,0,0,,,,,,,,,,,,,,,,,,,,,,,,,,,,,,
,499,13,,18,5,Magnoliaceae,,Magnolia borneensis,,,1300,,,c,1,0,0,,,,,,,1,,,,,,,,,c,1,0,0,,,,,,,,,,,,,,,,,,,,,,,,,,,,,,
,500,13,,,,Indet,,Indet indet,,,1300,,,c,1,0,0,,,,,,,1,,,,,,,,,c,1,0,0,,,,,,,,,,,,,,,,,,,,,,,,,,,,,,
,501,13,,20,19,Myristicaceae,,Indet indet,,,1300,,,c,1,0,0,,,,,,,1,,,,,,,,,c,1,0,0,,,,,,,,,,,,,,,,,,,,,,,,,,,,,,
,502,14,,5,19,Rubiaceae,,Indet indet,,,1300,,,b,1,0,0,,,,,,,1,,,,,,,,,b,1,0,0,,,,,,,,,,,,,,,,,,,,,,,,,,,,,,
,503,14,,6,18,Indet,,Indet indet,,,1300,,,c,1,0,0,,,,,,,1,,,,,,,,,c,1,0,0,,,,,,,,,,,,,,,,,,,,,,,,,,,,,,
,504,14,,,,Indet,,Indet indet,,,1300,,,a,1,0,0,,,,,,,1,,,,,,,,,a,1,0,0,,,,,,,,,,,,,,,,,,,,,,,,,,,,,,
,505,14,,4,6,Annonaceae,,Neouvaria acuminatissima,,,1300,,,a,1,0,0,,,,,,,1,,,,,,,,,a,1,0,0,,,,,,,,,,,,,,,,,,,,,,,,,,,,,,
,506,14,,2,8,Euphorbiaceae,,Macaranga gigantea,,,1300,,,b,1,0,0,,,,,,,1,,,,,,,,,b,1,0,0,,,,,,,,,,,,,,,,,,,,,,,,,,,,,,
,507,14,,,,Euphorbiaceae,,Macaranga gigantea,,,1300,,,c,1,0,0,,,,,,,1,,,,,,,,,c,1,0,0,,,,,,,,,,,,,,,,,,,,,,,,,,,,,,
,508,14,,3,4,Urticaceae,,Dendrocnide elliptica,,,1300,,,a,1,0,0,,,,,,,1,,,,,,,,,a,1,0,0,,,,,,,,,,,,,,,,,,,,,,,,,,,,,,
,509,14,,10,4,Dipterocarpaceae,,Parashorea tomentella,,,2000,,,a,1,0,0,,,,,,,1,,,,,,,,,a,1,0,0,,,,,,,,,,,,,,,,,,,,,,,,,,,,,,
,510,14,,,,Indet,,Indet indet,,,1300,,,a,1,0,0,,,,,,,1,,,,,,,,,a,1,0,0,,,,,,,,,,,,,,,,,,,,,,,,,,,,,,
,511,14,,,,Indet,,Indet indet,,,1300,,,c,1,0,0,,,,,,,1,,,,,,,,,c,1,0,0,,,,,,,,,,,,,,,,,,,,,,,,,,,,,,
,512,15,,1,4,Lauraceae,,Lindera lucida,,,1700,,,a,1,0,0,,,,,,,1,,,,,,,,,a,1,0,0,,,,,,,,,,,,,,,,,,,,,,,,,,,,,,
,513,15,,,,Euphorbiaceae,,Macaranga gigantea,,,1300,,,a,1,0,0,,,,,,,1,,,,,,,,,a,1,0,0,,,,,,,,,,,,,,,,,,,,,,,,,,,,,,
,514,15,,,,Indet,,Indet indet,,,1300,,,c,1,0,0,,,,,,,1,,,,,,,,,c,1,0,0,,,,,,,,,,,,,,,,,,,,,,,,,,,,,,
,515,15,,3,5,Dipterocarpaceae,,Shorea pilosa,,,1300,,,c,1,0,0,,,,,,,1,,,,,,,,,c,1,0,0,,,,,,,,,,,,,,,,,,,,,,,,,,,,,,
,516,15,,5,5,Indet,,Indet indet,,,1300,,,a,1,0,0,,,,,,,1,,,,,,,,,a,1,0,0,,,,,,,,,,,,,,,,,,,,,,,,,,,,,,
,517,15,,,,Indet,,Indet indet,,,1300,,,a,1,0,0,,,,,,,1,,,,,,,,,a,1,0,0,,,,,,,,,,,,,,,,,,,,,,,,,,,,,,
,518,15,,,,Euphorbiaceae,,Macaranga gigantea,,,1300,,,a,1,0,0,,,,,,,1,,,,,,,,,a,1,0,0,,,,,,,,,,,,,,,,,,,,,,,,,,,,,,
,519,15,,,,Euphorbiaceae,,Macaranga gigantea,,,1300,,,a,1,0,0,,,,,,,1,,,,,,,,,a,1,0,0,,,,,,,,,,,,,,,,,,,,,,,,,,,,,,
,520,15,,,,Indet,,Indet indet,,,1300,,,a,1,0,0,,,,,,,1,,,,,,,,,a,1,0,0,,,,,,,,,,,,,,,,,,,,,,,,,,,,,,
,521,,Palaquium sericeum,9,5,Sapotaceae,,Palaquium sericeum,,,1300,,,a,1,0,0,,,,,,,1,,,,,,,,,a,1,0,0,,,,,,,,,,,,,,,,,,,,,,,,,,,,,,
,522,Dipterocarpaceae,Shorea fallax,9,8,Dipterocarpaceae,,Shorea fallax,,,1300,,,c,1,0,0,,,,,,,1,,,,,,,,,c,1,0,0,,,,,,,,,,,,,,,,,,,,,,,,,,,,,,
,523,Euphorbiaceae,Macaranga gigantea,,,Euphorbiaceae,,Macaranga gigantea,,,1300,,,a,1,0,0,,,,,,,1,,,,,,,,,a,1,0,0,,,,,,,,,,,,,,,,,,,,,,,,,,,,,,
,524,Dipterocarpaceae,Shorea fallax,14,8,Dipterocarpaceae,,Shorea fallax,,,1300,,,c,1,0,0,,,,,,,1,,,,,,,,,c,1,0,0,,,,,,,,,,,,,,,,,,,,,,,,,,,,,,
,525,,Diospyros sp.,21,9,Ebenaceae,,Indet indet,,,1300,,,a,1,0,0,,,,,,,1,,,,,,,,,a,1,0,0,,,,,,,,,,,,,,,,,,,,,,,,,,,,,,
,526,Dipterocarpaceae,Shorea fallax,18,6,Dipterocarpaceae,,Shorea fallax,,,1300,,,a,1,0,0,,,,,,,1,,,,,,,,,a,1,0,0,,,,,,,,,,,,,,,,,,,,,,,,,,,,,,
,527,,Aporusa falcifera,19,5,Phyllanthaceae,,Aporusa falcifera,,,1300,,,a,1,0,0,,,,,,,1,,,,,,,,,a,1,0,0,,,,,,,,,,,,,,,,,,,,,,,,,,,,,,
,528,15,,17,11,Indet,,Indet indet,,,1300,,,c,1,0,0,,,,,,,1,,,,,,,,,c,1,0,0,,,,,,,,,,,,,,,,,,,,,,,,,,,,,,
,529,15,,,,Euphorbiaceae,,Macaranga gigantea,,,1300,,,a,1,0,0,,,,,,,1,,,,,,,,,a,1,0,0,,,,,,,,,,,,,,,,,,,,,,,,,,,,,,
,530,15,,23,13,Euphorbiaceae,,Macaranga pearsonii,,,1300,,,c,1,0,0,,,,,,,1,,,,,,,,,c,1,0,0,,,,,,,,,,,,,,,,,,,,,,,,,,,,,,
,531,15,,,,Indet,,Indet indet,,,1300,,,a,1,0,0,,,,,,,1,,,,,,,,,a,1,0,0,,,,,,,,,,,,,,,,,,,,,,,,,,,,,,
,532,15,,,,Indet,,Indet indet,,,1300,,,c,1,0,0,,,,,,,1,,,,,,,,,c,1,0,0,,,,,,,,,,,,,,,,,,,,,,,,,,,,,,
,533,15,,20,14,Euphorbiaceae,,Macaranga pearsonii,,,1300,,,a,1,0,0,,,,,,,1,,,,,,,,,a,1,0,0,,,,,,,,,,,,,,,,,,,,,,,,,,,,,,
,534,15,,17,13,Euphorbiaceae,,Macaranga pearsonii,,,1300,,,a,1,0,0,,,,,,,1,,,,,,,,,a,1,0,0,,,,,,,,,,,,,,,,,,,,,,,,,,,,,,
,535,15,,,,Indet,,Indet indet,,,1300,,,c,1,0,0,,,,,,,1,,,,,,,,,c,1,0,0,,,,,,,,,,,,,,,,,,,,,,,,,,,,,,
,536,15,,,,Indet,,Indet indet,,,1300,,,a,1,0,0,,,,,,,1,,,,,,,,,a,1,0,0,,,,,,,,,,,,,,,,,,,,,,,,,,,,,,
,537,16,,20,20,Dipterocarpaceae,,Shorea ovata,,,1300,,,a,1,0,0,,,,,,,1,,,,,,,,,a,1,0,0,,,,,,,,,,,,,,,,,,,,,,,,,,,,,,
,538,16,,19,5,Dipterocarpaceae,,Shorea macrophylla,,,1300,,,a,1,0,0,,,,,,,1,,,,,,,,,a,1,0,0,,,,,,,,,,,,,,,,,,,,,,,,,,,,,,
,539,16,,,,Indet,,Indet indet,,,1800,,,a,1,0,0,,,,,,,1,,,,,,,,,a,1,0,0,,,,,,,,,,,,,,,,,,,,,,,,,,,,,,
,540,16,,14,6,Dipterocarpaceae,,Shorea macrophylla,,,1300,,,a,1,0,0,,,,,,,1,,,,,,,,,a,1,0,0,,,,,,,,,,,,,,,,,,,,,,,,,,,,,,
,541,16,,14,7,Dipterocarpaceae,,Shorea fallax,,,1300,,,a,1,0,0,,,,,,,1,,,,,,,,,a,1,0,0,,,,,,,,,,,,,,,,,,,,,,,,,,,,,,
,542,16,,11,14,Dipterocarpaceae,,Dipterocarpus kunstleri,,,1300,,,a,1,0,0,,,,,,,1,,,,,,,,,a,1,0,0,,,,,,,,,,,,,,,,,,,,,,,,,,,,,,
,543,16,,18,10,Dipterocarpaceae,,Shorea parvistipulata ,,,1300,,,a,1,0,0,,,,,,,1,,,,,,,,,a,1,0,0,,,,,,,,,,,,,,,,,,,,,,,,,,,,,,
,544,16,,15,14,Anacardiaceae,,Gluta wallichii,,,1300,,,a,1,0,0,,,,,,,1,,,,,,,,,a,1,0,0,,,,,,,,,,,,,,,,,,,,,,,,,,,,,,
,545,16,,14,16,Meliaceae,,Dysoxylum excelsum,,,1300,,,a,1,0,0,,,,,,,1,,,,,,,,,a,1,0,0,,,,,,,,,,,,,,,,,,,,,,,,,,,,,,
,546,16,,14,19,Anacardiaceae,,Melanochyla tomentosa,,,1300,,,c,1,0,0,,,,,,,1,,,,,,,,,c,1,0,0,,,,,,,,,,,,,,,,,,,,,,,,,,,,,,
,547,16,,13,18,Myristicaceae,,Indet indet ,,,1300,,,a,1,0,0,,,,,,,1,,,,,,,,,a,1,0,0,,,,,,,,,,,,,,,,,,,,,,,,,,,,,,
,548,16,,13,15,Dipterocarpaceae,,Shorea macrophylla,,,1300,,,a,1,0,0,,,,,,,1,,,,,,,,,a,1,0,0,,,,,,,,,,,,,,,,,,,,,,,,,,,,,,
,549,16,,9,18,Urticaceae,,Dendrocnide elliptica,,,1300,,,c,1,0,0,,,,,,,1,,,,,,,,,c,1,0,0,,,,,,,,,,,,,,,,,,,,,,,,,,,,,,
,550,16,,9,14,Dipterocarpaceae,,Dipterocarpus kunstleri,,,1300,,,a,1,0,0,,,,,,,1,,,,,,,,,a,1,0,0,,,,,,,,,,,,,,,,,,,,,,,,,,,,,,
,551,16,,7,14,Fagaceae,,Lithocarpus sundaicus,,,1300,,,a,1,0,0,,,,,,,1,,,,,,,,,a,1,0,0,,,,,,,,,,,,,,,,,,,,,,,,,,,,,,
,552,16,,5,14,Dipterocarpaceae,,Shorea pauciflora,,,1300,,,c,1,0,0,,,,,,,1,,,,,,,,,c,1,0,0,,,,,,,,,,,,,,,,,,,,,,,,,,,,,,
,553,16,,,,Indet,,Indet indet,,,1300,,,b,1,0,0,,,,,,,1,,,,,,,,,b,1,0,0,,,,,,,,,,,,,,,,,,,,,,,,,,,,,,
,554,16,,9,8,Euphorbiaceae,,Koilodepas longifolium,,,1300,,,a,1,0,0,,,,,,,1,,,,,,,,,a,1,0,0,,,,,,,,,,,,,,,,,,,,,,,,,,,,,,
,555,16,,7,4,Dipterocarpaceae,,Shorea macrophylla,,,1300,,,a,1,0,0,,,,,,,1,,,,,,,,,a,1,0,0,,,,,,,,,,,,,,,,,,,,,,,,,,,,,,
,556,16,,8,2,Euphorbiaceae,,Neoscortechinia kingii,,,1300,,,a,1,0,0,,,,,,,1,,,,,,,,,a,1,0,0,,,,,,,,,,,,,,,,,,,,,,,,,,,,,,
,558,16,,9,18,Euphorbiaceae,,Macaranga gigantea,,,1300,,,a,1,0,0,,,,,,,1,,,,,,,,,a,1,0,0,,,,,,,,,,,,,,,,,,,,,,,,,,,,,,
,557,16,,11,19,Phyllanthaceae,,Cleistanthus paxii,,,1300,,,a,1,0,0,,,,,,,1,,,,,,,,,a,1,0,0,,,,,,,,,,,,,,,,,,,,,,,,,,,,,,
,559,17,,2,12,Indet,,Indet indet,,,1300,,,a,1,0,0,,,,,,,1,,,,,,,,,a,1,0,0,,,,,,,,,,,,,,,,,,,,,,,,,,,,,,
,560,17,,2,7,Indet,,Indet indet,,,1300,,,a,1,0,0,,,,,,,1,,,,,,,,,a,1,0,0,,,,,,,,,,,,,,,,,,,,,,,,,,,,,,
,561,17,,6,3,Sapindaceae,,Indet indet,,,1300,,,b,1,0,0,,,,,,,1,,,,,,,,,b,1,0,0,,,,,,,,,,,,,,,,,,,,,,,,,,,,,,
,562,18,,20,2,Meliaceae,,Chisocheton patens,,,1800,,,a,1,0,0,,,,,,,1,,,,,,,,,a,1,0,0,,,,,,,,,,,,,,,,,,,,,,,,,,,,,,
,563,18,,19,1,Dipterocarpaceae,,Shorea fallax,,,1300,,,c,1,0,0,,,,,,,1,,,,,,,,,c,1,0,0,,,,,,,,,,,,,,,,,,,,,,,,,,,,,,
,564,18,,13,3,Dipterocarpaceae,,Shorea parvistipulata ,,,1300,,,a,1,0,0,,,,,,,1,,,,,,,,,a,1,0,0,,,,,,,,,,,,,,,,,,,,,,,,,,,,,,
,565,18,,16,8,Dipterocarpaceae,,Shorea pauciflora,,,1300,,,c,1,0,0,,,,,,,1,,,,,,,,,c,1,0,0,,,,,,,,,,,,,,,,,,,,,,,,,,,,,,
,566,18,,,,Dipterocarpaceae,,Shorea pauciflora,,,1300,,,a,1,0,0,,,,,,,1,,,,,,,,,a,1,0,0,,,,,,,,,,,,,,,,,,,,,,,,,,,,,,
,567,18,,12,12,Lauraceae,,Nothaphoebe umbelliflora,,,1300,,,ah,1,0,0,,,,,,,1,,,,,,,,,ah,1,0,0,,,,,,,,,,,,,,,,,,,,,,,,,,,,,,
,568,18,,12,12,Indet,,Indet indet,,,,,,,,,,,,,,,,,,,,,,,,,,,,,,,,,,,,,,,,,,,,,,,,,,,,,,,,,,
,569,18,,,,Dipterocarpaceae,,Vatica umbonata,,,,,,,,,,,,,,,,,,,,,,,,,,,,,,,,,,,,,,,,,,,,,,,,,,,,,,,,,,
,570,18,,,,Dipterocarpaceae,,Shorea faguetiana,,,,,,,,,,,,,,,,,,,,,,,,,,,,,,,,,,,,,,,,,,,,,,,,,,,,,,,,,,
,571,18,,6,6,Urticaceae,,Dendrocnide elliptica,,,,,,,,,,,,,,,,,,,,,,,,,,,,,,,,,,,,,,,,,,,,,,,,,,,,,,,,,,
,572,19,,4,2,Dipterocarpaceae,,Shorea johorensis,,,,,,,,,,,,,,,,,,,,,,,,,,,,,,,,,,,,,,,,,,,,,,,,,,,,,,,,,,
,573,19,,3,2,Euphorbiaceae,,Hancea penangensis,,,,,,,,,,,,,,,,,,,,,,,,,,,,,,,,,,,,,,,,,,,,,,,,,,,,,,,,,,
,574,19,,7,5,Sapindaceae,,Nephelium ramboutan-ake,,,,,,,,,,,,,,,,,,,,,,,,,,,,,,,,,,,,,,,,,,,,,,,,,,,,,,,,,,
,575,19,,9,5,Indet,,Indet indet,,,,,,,,,,,,,,,,,,,,,,,,,,,,,,,,,,,,,,,,,,,,,,,,,,,,,,,,,,
,576,19,,1,13,Symplocaceae,,Symplocos fasciculata,,,,,,,,,,,,,,,,,,,,,,,,,,,,,,,,,,,,,,,,,,,,,,,,,,,,,,,,,,
,577,19,,4,15,Dipterocarpaceae,,Parashorea tomentella,,,,,,,,,,,,,,,,,,,,,,,,,,,,,,,,,,,,,,,,,,,,,,,,,,,,,,,,,,
,578,19,,3,19,Moraceae,,Ficus treubii,,,,,,,,,,,,,,,,,,,,,,,,,,,,,,,,,,,,,,,,,,,,,,,,,,,,,,,,,,
,579,20,,19,6,Lecythidaceae,,Barringtonia macrostachya,,,,,,,,,,,,,,,,,,,,,,,,,,,,,,,,,,,,,,,,,,,,,,,,,,,,,,,,,,
,580,20,,19,1,Fagaceae,,Lithocarpus gracilis,,,,,,,,,,,,,,,,,,,,,,,,,,,,,,,,,,,,,,,,,,,,,,,,,,,,,,,,,,
,581,20,,,,Fabaceae,,Sindora irpicina,,,,,,,,,,,,,,,,,,,,,,,,,,,,,,,,,,,,,,,,,,,,,,,,,,,,,,,,,,
,582,20,,3,10,Lauraceae,,Lindera lucida,,,,,,,,,,,,,,,,,,,,,,,,,,,,,,,,,,,,,,,,,,,,,,,,,,,,,,,,,,
,583,20,,7,14,Lauraceae,,Lindera lucida,,,,,,,,,,,,,,,,,,,,,,,,,,,,,,,,,,,,,,,,,,,,,,,,,,,,,,,,,,
,584,20,,10,12,Indet,,Indet indet,,,,,,,,,,,,,,,,,,,,,,,,,,,,,,,,,,,,,,,,,,,,,,,,,,,,,,,,,,
,585,20,,11,15,Lauraceae,,Litsea ferruginea,,,,,,,,,,,,,,,,,,,,,,,,,,,,,,,,,,,,,,,,,,,,,,,,,,,,,,,,,,
,586,21,,3,1,Euphorbiaceae,,Mallotus muticus,,,,,,,,,,,,,,,,,,,,,,,,,,,,,,,,,,,,,,,,,,,,,,,,,,,,,,,,,,
,587,21,,2,4,Urticaceae,,Dendrocnide elliptica,,,,,,,,,,,,,,,,,,,,,,,,,,,,,,,,,,,,,,,,,,,,,,,,,,,,,,,,,,
,588,21,,4,14,Lecythidaceae,,Planchonia brevistipitata,,,,,,,,,,,,,,,,,,,,,,,,,,,,,,,,,,,,,,,,,,,,,,,,,,,,,,,,,,
,589,21,,0,14,Dipterocarpaceae,,Parashorea malaanonan,,,,,,,,,,,,,,,,,,,,,,,,,,,,,,,,,,,,,,,,,,,,,,,,,,,,,,,,,,
,590,21,,,,Indet,,Indet indet,,,,,,,,,,,,,,,,,,,,,,,,,,,,,,,,,,,,,,,,,,,,,,,,,,,,,,,,,,
,591,21,,10,7,Dipterocarpaceae,,Parashorea tomentella,,,,,,,,,,,,,,,,,,,,,,,,,,,,,,,,,,,,,,,,,,,,,,,,,,,,,,,,,,
,592,21,,19,13,Indet,,Indet indet,,,,,,,,,,,,,,,,,,,,,,,,,,,,,,,,,,,,,,,,,,,,,,,,,,,,,,,,,,
,593,21,,19,1,Indet,,Indet indet,,,,,,,,,,,,,,,,,,,,,,,,,,,,,,,,,,,,,,,,,,,,,,,,,,,,,,,,,,
,594,21,,19,14,Moraceae,,Ficus treubii,,,,,,,,,,,,,,,,,,,,,,,,,,,,,,,,,,,,,,,,,,,,,,,,,,,,,,,,,,
,595,22,,,,Indet,,Indet indet,,,,,,,,,,,,,,,,,,,,,,,,,,,,,,,,,,,,,,,,,,,,,,,,,,,,,,,,,,
,596,22,,6,12,Moraceae,,Artocarpus anisophyllus,,,,,,,,,,,,,,,,,,,,,,,,,,,,,,,,,,,,,,,,,,,,,,,,,,,,,,,,,,
,597,22,,3,15,Burseraceae,,Indet indet,,,,,,,,,,,,,,,,,,,,,,,,,,,,,,,,,,,,,,,,,,,,,,,,,,,,,,,,,,
,598,22,,6,18,Dipterocarpaceae,,Parashorea malaanonan,,,,,,,,,,,,,,,,,,,,,,,,,,,,,,,,,,,,,,,,,,,,,,,,,,,,,,,,,,
,599,22,,6,17,Rosaceae ,,Prunus beccarii,,,,,,,,,,,,,,,,,,,,,,,,,,,,,,,,,,,,,,,,,,,,,,,,,,,,,,,,,,
,600,22,,,,Indet,,Indet indet,,,,,,,,,,,,,,,,,,,,,,,,,,,,,,,,,,,,,,,,,,,,,,,,,,,,,,,,,,
,601,22,,17,13,Indet,,Indet indet,,,,,,,,,,,,,,,,,,,,,,,,,,,,,,,,,,,,,,,,,,,,,,,,,,,,,,,,,,
,602,22,,20,13,Dipterocarpaceae,,Parashorea malaanonan,,,,,,,,,,,,,,,,,,,,,,,,,,,,,,,,,,,,,,,,,,,,,,,,,,,,,,,,,,
,603,22,,,,Dipterocarpaceae,,Parashorea malaanonan,,,,,,,,,,,,,,,,,,,,,,,,,,,,,,,,,,,,,,,,,,,,,,,,,,,,,,,,,,
,604,23,,4,17,Cannabaceae,,Trema orientalis,,,,,,,,,,,,,,,,,,,,,,,,,,,,,,,,,,,,,,,,,,,,,,,,,,,,,,,,,,
,605,23,,23,12,Dipterocarpaceae,,Shorea pauciflora,,,,,,,,,,,,,,,,,,,,,,,,,,,,,,,,,,,,,,,,,,,,,,,,,,,,,,,,,,
,606,23,,21,10,Urticaceae,,Dendrocnide elliptica,,,,,,,,,,,,,,,,,,,,,,,,,,,,,,,,,,,,,,,,,,,,,,,,,,,,,,,,,,
,607,23,,10,8,Urticaceae,,Dendrocnide elliptica,,,,,,,,,,,,,,,,,,,,,,,,,,,,,,,,,,,,,,,,,,,,,,,,,,,,,,,,,,
,608,23,,9,13,Euphorbiaceae,,Macaranga pearsonii,,,,,,,,,,,,,,,,,,,,,,,,,,,,,,,,,,,,,,,,,,,,,,,,,,,,,,,,,,
,609,23,,19,15,Indet,,Indet indet,,,,,,,,,,,,,,,,,,,,,,,,,,,,,,,,,,,,,,,,,,,,,,,,,,,,,,,,,,
,610,24,,,,Indet,,Indet indet,,,,,,,,,,,,,,,,,,,,,,,,,,,,,,,,,,,,,,,,,,,,,,,,,,,,,,,,,,
,611,24,,5,19,Dipterocarpaceae,,Shorea pauciflora,,,,,,,,,,,,,,,,,,,,,,,,,,,,,,,,,,,,,,,,,,,,,,,,,,,,,,,,,,
,612,24,,19,8,Urticaceae,,Dendrocnide elliptica,,,,,,,,,,,,,,,,,,,,,,,,,,,,,,,,,,,,,,,,,,,,,,,,,,,,,,,,,,
,613,25,,9,8,Indet,,Indet indet,,,,,,,,,,,,,,,,,,,,,,,,,,,,,,,,,,,,,,,,,,,,,,,,,,,,,,,,,,
,614,25,,12,4,Dipterocarpaceae,,Shorea macrophylla,,,,,,,,,,,,,,,,,,,,,,,,,,,,,,,,,,,,,,,,,,,,,,,,,,,,,,,,,,
,615,25,,10,10,Phyllanthaceae,,Baccaurea lanceolata,,,,,,,,,,,,,,,,,,,,,,,,,,,,,,,,,,,,,,,,,,,,,,,,,,,,,,,,,,
,616,25,,12,14,Indet,,Indet indet,,,,,,,,,,,,,,,,,,,,,,,,,,,,,,,,,,,,,,,,,,,,,,,,,,,,,,,,,,
,617,25,,12,14,Indet,,Indet indet,,,,,,,,,,,,,,,,,,,,,,,,,,,,,,,,,,,,,,,,,,,,,,,,,,,,,,,,,,
,618,25,,,,Primulaceae,,Indet indet ,,,,,,,,,,,,,,,,,,,,,,,,,,,,,,,,,,,,,,,,,,,,,,,,,,,,,,,,,,
,,,,,,,,,,,,,,,,,,,,,,,,,,,,,,,,,,,,,,,,,,,,,,,,,,,,,,,,,,,,,,,,,,
,,,,,,,,,,,,,,,,,,,,,,,,,,,,,,,,,,,,,,,,,,,,,,,,,,,,,,,,,,,,,,,,,,
,,,,,,,,,,,,,,,,,,,,,,,,,,,,,,,,,,,,,,,,,,,,,,,,,,,,,,,,,,,,,,,,,,
,,,,,,,,,,,,,,,,,,,,,,,,,,,,,,,,,,,,,,,,,,,,,,,,,,,,,,,,,,,,,,,,,,
,,,,,,,,,,,,,,,,,,,,,,,,,,,,,,,,,,,,,,,,,,,,,,,,,,,,,,,,,,,,,,,,,,
,,,,,,,,,,,,,,,,,,,,,,,,,,,,,,,,,,,,,,,,,,,,,,,,,,,,,,,,,,,,,,,,,,
,,,,,,,,,,,,,,,,,,,,,,,,,,,,,,,,,,,,,,,,,,,,,,,,,,,,,,,,,,,,,,,,,,
,,,,,,,,,,,,,,,,,,,,,,,,,,,,,,,,,,,,,,,,,,,,,,,,,,,,,,,,,,,,,,,,,,
,,,,,,,,,,,,,,,,,,,,,,,,,,,,,,,,,,,,,,,,,,,,,,,,,,,,,,,,,,,,,,,,,,
,,,,,,,,,,,,,,,,,,,,,,,,,,,,,,,,,,,,,,,,,,,,,,,,,,,,,,,,,,,,,,,,,,
,,,,,,,,,,,,,,,,,,,,,,,,,,,,,,,,,,,,,,,,,,,,,,,,,,,,,,,,,,,,,,,,,,
,,,,,,,,,,,,,,,,,,,,,,,,,,,,,,,,,,,,,,,,,,,,,,,,,,,,,,,,,,,,,,,,,,
,,,,,,,,,,,,,,,,,,,,,,,,,,,,,,,,,,,,,,,,,,,,,,,,,,,,,,,,,,,,,,,,,,
,,,,,,,,,,,,,,,,,,,,,,,,,,,,,,,,,,,,,,,,,,,,,,,,,,,,,,,,,,,,,,,,,,
,,,,,,,,,,,,,,,,,,,,,,,,,,,,,,,,,,,,,,,,,,,,,,,,,,,,,,,,,,,,,,,,,,
,,,,,,,,,,,,,,,,,,,,,,,,,,,,,,,,,,,,,,,,,,,,,,,,,,,,,,,,,,,,,,,,,,
,,,,,,,,,,,,,,,,,,,,,,,,,,,,,,,,,,,,,,,,,,,,,,,,,,,,,,,,,,,,,,,,,,
,,,,,,,,,,,,,,,,,,,,,,,,,,,,,,,,,,,,,,,,,,,,,,,,,,,,,,,,,,,,,,,,,,
,,,,,,,,,,,,,,,,,,,,,,,,,,,,,,,,,,,,,,,,,,,,,,,,,,,,,,,,,,,,,,,,,,
,,,,,,,,,,,,,,,,,,,,,,,,,,,,,,,,,,,,,,,,,,,,,,,,,,,,,,,,,,,,,,,,,,
,,,,,,,,,,,,,,,,,,,,,,,,,,,,,,,,,,,,,,,,,,,,,,,,,,,,,,,,,,,,,,,,,,
,,,,,,,,,,,,,,,,,,,,,,,,,,,,,,,,,,,,,,,,,,,,,,,,,,,,,,,,,,,,,,,,,,
,,,,,,,,,,,,,,,,,,,,,,,,,,,,,,,,,,,,,,,,,,,,,,,,,,,,,,,,,,,,,,,,,,
,,,,,,,,,,,,,,,,,,,,,,,,,,,,,,,,,,,,,,,,,,,,,,,,,,,,,,,,,,,,,,,,,,
,,,,,,,,,,,,,,,,,,,,,,,,,,,,,,,,,,,,,,,,,,,,,,,,,,,,,,,,,,,,,,,,,,
,,,,,,,,,,,,,,,,,,,,,,,,,,,,,,,,,,,,,,,,,,,,,,,,,,,,,,,,,,,,,,,,,,
,,,,,,,,,,,,,,,,,,,,,,,,,,,,,,,,,,,,,,,,,,,,,,,,,,,,,,,,,,,,,,,,,,
,,,,,,,,,,,,,,,,,,,,,,,,,,,,,,,,,,,,,,,,,,,,,,,,,,,,,,,,,,,,,,,,,,
,,,,,,,,,,,,,,,,,,,,,,,,,,,,,,,,,,,,,,,,,,,,,,,,,,,,,,,,,,,,,,,,,,
,,,,,,,,,,,,,,,,,,,,,,,,,,,,,,,,,,,,,,,,,,,,,,,,,,,,,,,,,,,,,,,,,,
,,,,,,,,,,,,,,,,,,,,,,,,,,,,,,,,,,,,,,,,,,,,,,,,,,,,,,,,,,,,,,,,,,
,,,,,,,,,,,,,,,,,,,,,,,,,,,,,,,,,,,,,,,,,,,,,,,,,,,,,,,,,,,,,,,,,,
,,,,,,,,,,,,,,,,,,,,,,,,,,,,,,,,,,,,,,,,,,,,,,,,,,,,,,,,,,,,,,,,,,
,,,,,,,,,,,,,,,,,,,,,,,,,,,,,,,,,,,,,,,,,,,,,,,,,,,,,,,,,,,,,,,,,,
,,,,,,,,,,,,,,,,,,,,,,,,,,,,,,,,,,,,,,,,,,,,,,,,,,,,,,,,,,,,,,,,,,
,,,,,,,,,,,,,,,,,,,,,,,,,,,,,,,,,,,,,,,,,,,,,,,,,,,,,,,,,,,,,,,,,,
,,,,,,,,,,,,,,,,,,,,,,,,,,,,,,,,,,,,,,,,,,,,,,,,,,,,,,,,,,,,,,,,,,
,,,,,,,,,,,,,,,,,,,,,,,,,,,,,,,,,,,,,,,,,,,,,,,,,,,,,,,,,,,,,,,,,,
,,,,,,,,,,,,,,,,,,,,,,,,,,,,,,,,,,,,,,,,,,,,,,,,,,,,,,,,,,,,,,,,,,
,,,,,,,,,,,,,,,,,,,,,,,,,,,,,,,,,,,,,,,,,,,,,,,,,,,,,,,,,,,,,,,,,,
,,,,,,,,,,,,,,,,,,,,,,,,,,,,,,,,,,,,,,,,,,,,,,,,,,,,,,,,,,,,,,,,,,
,,,,,,,,,,,,,,,,,,,,,,,,,,,,,,,,,,,,,,,,,,,,,,,,,,,,,,,,,,,,,,,,,,
,,,,,,,,,,,,,,,,,,,,,,,,,,,,,,,,,,,,,,,,,,,,,,,,,,,,,,,,,,,,,,,,,,
,,,,,,,,,,,,,,,,,,,,,,,,,,,,,,,,,,,,,,,,,,,,,,,,,,,,,,,,,,,,,,,,,,
,,,,,,,,,,,,,,,,,,,,,,,,,,,,,,,,,,,,,,,,,,,,,,,,,,,,,,,,,,,,,,,,,,
,,,,,,,,,,,,,,,,,,,,,,,,,,,,,,,,,,,,,,,,,,,,,,,,,,,,,,,,,,,,,,,,,,
,,,,,,,,,,,,,,,,,,,,,,,,,,,,,,,,,,,,,,,,,,,,,,,,,,,,,,,,,,,,,,,,,,
,,,,,,,,,,,,,,,,,,,,,,,,,,,,,,,,,,,,,,,,,,,,,,,,,,,,,,,,,,,,,,,,,,
,,,,,,,,,,,,,,,,,,,,,,,,,,,,,,,,,,,,,,,,,,,,,,,,,,,,,,,,,,,,,,,,,,
,,,,,,,,,,,,,,,,,,,,,,,,,,,,,,,,,,,,,,,,,,,,,,,,,,,,,,,,,,,,,,,,,,
,,,,,,,,,,,,,,,,,,,,,,,,,,,,,,,,,,,,,,,,,,,,,,,,,,,,,,,,,,,,,,,,,,
,,,,,,,,,,,,,,,,,,,,,,,,,,,,,,,,,,,,,,,,,,,,,,,,,,,,,,,,,,,,,,,,,,
,,,,,,,,,,,,,,,,,,,,,,,,,,,,,,,,,,,,,,,,,,,,,,,,,,,,,,,,,,,,,,,,,,
,,,,,,,,,,,,,,,,,,,,,,,,,,,,,,,,,,,,,,,,,,,,,,,,,,,,,,,,,,,,,,,,,,
,,,,,,,,,,,,,,,,,,,,,,,,,,,,,,,,,,,,,,,,,,,,,,,,,,,,,,,,,,,,,,,,,,
,,,,,,,,,,,,,,,,,,,,,,,,,,,,,,,,,,,,,,,,,,,,,,,,,,,,,,,,,,,,,,,,,,
,,,,,,,,,,,,,,,,,,,,,,,,,,,,,,,,,,,,,,,,,,,,,,,,,,,,,,,,,,,,,,,,,,
,,,,,,,,,,,,,,,,,,,,,,,,,,,,,,,,,,,,,,,,,,,,,,,,,,,,,,,,,,,,,,,,,,
,,,,,,,,,,,,,,,,,,,,,,,,,,,,,,,,,,,,,,,,,,,,,,,,,,,,,,,,,,,,,,,,,,
,,,,,,,,,,,,,,,,,,,,,,,,,,,,,,,,,,,,,,,,,,,,,,,,,,,,,,,,,,,,,,,,,,
,,,,,,,,,,,,,,,,,,,,,,,,,,,,,,,,,,,,,,,,,,,,,,,,,,,,,,,,,,,,,,,,,,
,,,,,,,,,,,,,,,,,,,,,,,,,,,,,,,,,,,,,,,,,,,,,,,,,,,,,,,,,,,,,,,,,,
,,,,,,,,,,,,,,,,,,,,,,,,,,,,,,,,,,,,,,,,,,,,,,,,,,,,,,,,,,,,,,,,,,
,,,,,,,,,,,,,,,,,,,,,,,,,,,,,,,,,,,,,,,,,,,,,,,,,,,,,,,,,,,,,,,,,,
,,,,,,,,,,,,,,,,,,,,,,,,,,,,,,,,,,,,,,,,,,,,,,,,,,,,,,,,,,,,,,,,,,
,,,,,,,,,,,,,,,,,,,,,,,,,,,,,,,,,,,,,,,,,,,,,,,,,,,,,,,,,,,,,,,,,,
,,,,,,,,,,,,,,,,,,,,,,,,,,,,,,,,,,,,,,,,,,,,,,,,,,,,,,,,,,,,,,,,,,
,,,,,,,,,,,,,,,,,,,,,,,,,,,,,,,,,,,,,,,,,,,,,,,,,,,,,,,,,,,,,,,,,,
,,,,,,,,,,,,,,,,,,,,,,,,,,,,,,,,,,,,,,,,,,,,,,,,,,,,,,,,,,,,,,,,,,
,,,,,,,,,,,,,,,,,,,,,,,,,,,,,,,,,,,,,,,,,,,,,,,,,,,,,,,,,,,,,,,,,,
,,,,,,,,,,,,,,,,,,,,,,,,,,,,,,,,,,,,,,,,,,,,,,,,,,,,,,,,,,,,,,,,,,
,,,,,,,,,,,,,,,,,,,,,,,,,,,,,,,,,,,,,,,,,,,,,,,,,,,,,,,,,,,,,,,,,,
,,,,,,,,,,,,,,,,,,,,,,,,,,,,,,,,,,,,,,,,,,,,,,,,,,,,,,,,,,,,,,,,,,
,,,,,,,,,,,,,,,,,,,,,,,,,,,,,,,,,,,,,,,,,,,,,,,,,,,,,,,,,,,,,,,,,,
,,,,,,,,,,,,,,,,,,,,,,,,,,,,,,,,,,,,,,,,,,,,,,,,,,,,,,,,,,,,,,,,,,
,,,,,,,,,,,,,,,,,,,,,,,,,,,,,,,,,,,,,,,,,,,,,,,,,,,,,,,,,,,,,,,,,,
,,,,,,,,,,,,,,,,,,,,,,,,,,,,,,,,,,,,,,,,,,,,,,,,,,,,,,,,,,,,,,,,,,
,,,,,,,,,,,,,,,,,,,,,,,,,,,,,,,,,,,,,,,,,,,,,,,,,,,,,,,,,,,,,,,,,,
,,,,,,,,,,,,,,,,,,,,,,,,,,,,,,,,,,,,,,,,,,,,,,,,,,,,,,,,,,,,,,,,,,
,,,,,,,,,,,,,,,,,,,,,,,,,,,,,,,,,,,,,,,,,,,,,,,,,,,,,,,,,,,,,,,,,,
,,,,,,,,,,,,,,,,,,,,,,,,,,,,,,,,,,,,,,,,,,,,,,,,,,,,,,,,,,,,,,,,,,
,,,,,,,,,,,,,,,,,,,,,,,,,,,,,,,,,,,,,,,,,,,,,,,,,,,,,,,,,,,,,,,,,,
,,,,,,,,,,,,,,,,,,,,,,,,,,,,,,,,,,,,,,,,,,,,,,,,,,,,,,,,,,,,,,,,,,
,,,,,,,,,,,,,,,,,,,,,,,,,,,,,,,,,,,,,,,,,,,,,,,,,,,,,,,,,,,,,,,,,,
,,,,,,,,,,,,,,,,,,,,,,,,,,,,,,,,,,,,,,,,,,,,,,,,,,,,,,,,,,,,,,,,,,
,,,,,,,,,,,,,,,,,,,,,,,,,,,,,,,,,,,,,,,,,,,,,,,,,,,,,,,,,,,,,,,,,,
,,,,,,,,,,,,,,,,,,,,,,,,,,,,,,,,,,,,,,,,,,,,,,,,,,,,,,,,,,,,,,,,,,
,,,,,,,,,,,,,,,,,,,,,,,,,,,,,,,,,,,,,,,,,,,,,,,,,,,,,,,,,,,,,,,,,,
,,,,,,,,,,,,,,,,,,,,,,,,,,,,,,,,,,,,,,,,,,,,,,,,,,,,,,,,,,,,,,,,,,
,,,,,,,,,,,,,,,,,,,,,,,,,,,,,,,,,,,,,,,,,,,,,,,,,,,,,,,,,,,,,,,,,,
,,,,,,,,,,,,,,,,,,,,,,,,,,,,,,,,,,,,,,,,,,,,,,,,,,,,,,,,,,,,,,,,,,
,,,,,,,,,,,,,,,,,,,,,,,,,,,,,,,,,,,,,,,,,,,,,,,,,,,,,,,,,,,,,,,,,,
,,,,,,,,,,,,,,,,,,,,,,,,,,,,,,,,,,,,,,,,,,,,,,,,,,,,,,,,,,,,,,,,,,
,,,,,,,,,,,,,,,,,,,,,,,,,,,,,,,,,,,,,,,,,,,,,,,,,,,,,,,,,,,,,,,,,,
,,,,,,,,,,,,,,,,,,,,,,,,,,,,,,,,,,,,,,,,,,,,,,,,,,,,,,,,,,,,,,,,,,
,,,,,,,,,,,,,,,,,,,,,,,,,,,,,,,,,,,,,,,,,,,,,,,,,,,,,,,,,,,,,,,,,,
,,,,,,,,,,,,,,,,,,,,,,,,,,,,,,,,,,,,,,,,,,,,,,,,,,,,,,,,,,,,,,,,,,
,,,,,,,,,,,,,,,,,,,,,,,,,,,,,,,,,,,,,,,,,,,,,,,,,,,,,,,,,,,,,,,,,,
,,,,,,,,,,,,,,,,,,,,,,,,,,,,,,,,,,,,,,,,,,,,,,,,,,,,,,,,,,,,,,,,,,
,,,,,,,,,,,,,,,,,,,,,,,,,,,,,,,,,,,,,,,,,,,,,,,,,,,,,,,,,,,,,,,,,,
,,,,,,,,,,,,,,,,,,,,,,,,,,,,,,,,,,,,,,,,,,,,,,,,,,,,,,,,,,,,,,,,,,
,,,,,,,,,,,,,,,,,,,,,,,,,,,,,,,,,,,,,,,,,,,,,,,,,,,,,,,,,,,,,,,,,,
,,,,,,,,,,,,,,,,,,,,,,,,,,,,,,,,,,,,,,,,,,,,,,,,,,,,,,,,,,,,,,,,,,
,,,,,,,,,,,,,,,,,,,,,,,,,,,,,,,,,,,,,,,,,,,,,,,,,,,,,,,,,,,,,,,,,,
,,,,,,,,,,,,,,,,,,,,,,,,,,,,,,,,,,,,,,,,,,,,,,,,,,,,,,,,,,,,,,,,,,
,,,,,,,,,,,,,,,,,,,,,,,,,,,,,,,,,,,,,,,,,,,,,,,,,,,,,,,,,,,,,,,,,,
,,,,,,,,,,,,,,,,,,,,,,,,,,,,,,,,,,,,,,,,,,,,,,,,,,,,,,,,,,,,,,,,,,
,,,,,,,,,,,,,,,,,,,,,,,,,,,,,,,,,,,,,,,,,,,,,,,,,,,,,,,,,,,,,,,,,,
,,,,,,,,,,,,,,,,,,,,,,,,,,,,,,,,,,,,,,,,,,,,,,,,,,,,,,,,,,,,,,,,,,
,,,,,,,,,,,,,,,,,,,,,,,,,,,,,,,,,,,,,,,,,,,,,,,,,,,,,,,,,,,,,,,,,,
,,,,,,,,,,,,,,,,,,,,,,,,,,,,,,,,,,,,,,,,,,,,,,,,,,,,,,,,,,,,,,,,,,
,,,,,,,,,,,,,,,,,,,,,,,,,,,,,,,,,,,,,,,,,,,,,,,,,,,,,,,,,,,,,,,,,,
,,,,,,,,,,,,,,,,,,,,,,,,,,,,,,,,,,,,,,,,,,,,,,,,,,,,,,,,,,,,,,,,,,
,,,,,,,,,,,,,,,,,,,,,,,,,,,,,,,,,,,,,,,,,,,,,,,,,,,,,,,,,,,,,,,,,,
,,,,,,,,,,,,,,,,,,,,,,,,,,,,,,,,,,,,,,,,,,,,,,,,,,,,,,,,,,,,,,,,,,
,,,,,,,,,,,,,,,,,,,,,,,,,,,,,,,,,,,,,,,,,,,,,,,,,,,,,,,,,,,,,,,,,,
,,,,,,,,,,,,,,,,,,,,,,,,,,,,,,,,,,,,,,,,,,,,,,,,,,,,,,,,,,,,,,,,,,
,,,,,,,,,,,,,,,,,,,,,,,,,,,,,,,,,,,,,,,,,,,,,,,,,,,,,,,,,,,,,,,,,,
,,,,,,,,,,,,,,,,,,,,,,,,,,,,,,,,,,,,,,,,,,,,,,,,,,,,,,,,,,,,,,,,,,
,,,,,,,,,,,,,,,,,,,,,,,,,,,,,,,,,,,,,,,,,,,,,,,,,,,,,,,,,,,,,,,,,,
,,,,,,,,,,,,,,,,,,,,,,,,,,,,,,,,,,,,,,,,,,,,,,,,,,,,,,,,,,,,,,,,,,
,,,,,,,,,,,,,,,,,,,,,,,,,,,,,,,,,,,,,,,,,,,,,,,,,,,,,,,,,,,,,,,,,,
,,,,,,,,,,,,,,,,,,,,,,,,,,,,,,,,,,,,,,,,,,,,,,,,,,,,,,,,,,,,,,,,,,
,,,,,,,,,,,,,,,,,,,,,,,,,,,,,,,,,,,,,,,,,,,,,,,,,,,,,,,,,,,,,,,,,,
,,,,,,,,,,,,,,,,,,,,,,,,,,,,,,,,,,,,,,,,,,,,,,,,,,,,,,,,,,,,,,,,,,
,,,,,,,,,,,,,,,,,,,,,,,,,,,,,,,,,,,,,,,,,,,,,,,,,,,,,,,,,,,,,,,,,,
,,,,,,,,,,,,,,,,,,,,,,,,,,,,,,,,,,,,,,,,,,,,,,,,,,,,,,,,,,,,,,,,,,
,,,,,,,,,,,,,,,,,,,,,,,,,,,,,,,,,,,,,,,,,,,,,,,,,,,,,,,,,,,,,,,,,,
,,,,,,,,,,,,,,,,,,,,,,,,,,,,,,,,,,,,,,,,,,,,,,,,,,,,,,,,,,,,,,,,,,
,,,,,,,,,,,,,,,,,,,,,,,,,,,,,,,,,,,,,,,,,,,,,,,,,,,,,,,,,,,,,,,,,,
,,,,,,,,,,,,,,,,,,,,,,,,,,,,,,,,,,,,,,,,,,,,,,,,,,,,,,,,,,,,,,,,,,
,,,,,,,,,,,,,,,,,,,,,,,,,,,,,,,,,,,,,,,,,,,,,,,,,,,,,,,,,,,,,,,,,,
,,,,,,,,,,,,,,,,,,,,,,,,,,,,,,,,,,,,,,,,,,,,,,,,,,,,,,,,,,,,,,,,,,
,,,,,,,,,,,,,,,,,,,,,,,,,,,,,,,,,,,,,,,,,,,,,,,,,,,,,,,,,,,,,,,,,,
,,,,,,,,,,,,,,,,,,,,,,,,,,,,,,,,,,,,,,,,,,,,,,,,,,,,,,,,,,,,,,,,,,
,,,,,,,,,,,,,,,,,,,,,,,,,,,,,,,,,,,,,,,,,,,,,,,,,,,,,,,,,,,,,,,,,,
,,,,,,,,,,,,,,,,,,,,,,,,,,,,,,,,,,,,,,,,,,,,,,,,,,,,,,,,,,,,,,,,,,
,,,,,,,,,,,,,,,,,,,,,,,,,,,,,,,,,,,,,,,,,,,,,,,,,,,,,,,,,,,,,,,,,,
,,,,,,,,,,,,,,,,,,,,,,,,,,,,,,,,,,,,,,,,,,,,,,,,,,,,,,,,,,,,,,,,,,
,,,,,,,,,,,,,,,,,,,,,,,,,,,,,,,,,,,,,,,,,,,,,,,,,,,,,,,,,,,,,,,,,,
,,,,,,,,,,,,,,,,,,,,,,,,,,,,,,,,,,,,,,,,,,,,,,,,,,,,,,,,,,,,,,,,,,
,,,,,,,,,,,,,,,,,,,,,,,,,,,,,,,,,,,,,,,,,,,,,,,,,,,,,,,,,,,,,,,,,,
,,,,,,,,,,,,,,,,,,,,,,,,,,,,,,,,,,,,,,,,,,,,,,,,,,,,,,,,,,,,,,,,,,
,,,,,,,,,,,,,,,,,,,,,,,,,,,,,,,,,,,,,,,,,,,,,,,,,,,,,,,,,,,,,,,,,,
,,,,,,,,,,,,,,,,,,,,,,,,,,,,,,,,,,,,,,,,,,,,,,,,,,,,,,,,,,,,,,,,,,
,,,,,,,,,,,,,,,,,,,,,,,,,,,,,,,,,,,,,,,,,,,,,,,,,,,,,,,,,,,,,,,,,,
,,,,,,,,,,,,,,,,,,,,,,,,,,,,,,,,,,,,,,,,,,,,,,,,,,,,,,,,,,,,,,,,,,
,,,,,,,,,,,,,,,,,,,,,,,,,,,,,,,,,,,,,,,,,,,,,,,,,,,,,,,,,,,,,,,,,,
,,,,,,,,,,,,,,,,,,,,,,,,,,,,,,,,,,,,,,,,,,,,,,,,,,,,,,,,,,,,,,,,,,
,,,,,,,,,,,,,,,,,,,,,,,,,,,,,,,,,,,,,,,,,,,,,,,,,,,,,,,,,,,,,,,,,,
,,,,,,,,,,,,,,,,,,,,,,,,,,,,,,,,,,,,,,,,,,,,,,,,,,,,,,,,,,,,,,,,,,
,,,,,,,,,,,,,,,,,,,,,,,,,,,,,,,,,,,,,,,,,,,,,,,,,,,,,,,,,,,,,,,,,,
,,,,,,,,,,,,,,,,,,,,,,,,,,,,,,,,,,,,,,,,,,,,,,,,,,,,,,,,,,,,,,,,,,
,,,,,,,,,,,,,,,,,,,,,,,,,,,,,,,,,,,,,,,,,,,,,,,,,,,,,,,,,,,,,,,,,,
,,,,,,,,,,,,,,,,,,,,,,,,,,,,,,,,,,,,,,,,,,,,,,,,,,,,,,,,,,,,,,,,,,
,,,,,,,,,,,,,,,,,,,,,,,,,,,,,,,,,,,,,,,,,,,,,,,,,,,,,,,,,,,,,,,,,,
,,,,,,,,,,,,,,,,,,,,,,,,,,,,,,,,,,,,,,,,,,,,,,,,,,,,,,,,,,,,,,,,,,
,,,,,,,,,,,,,,,,,,,,,,,,,,,,,,,,,,,,,,,,,,,,,,,,,,,,,,,,,,,,,,,,,,
,,,,,,,,,,,,,,,,,,,,,,,,,,,,,,,,,,,,,,,,,,,,,,,,,,,,,,,,,,,,,,,,,,
,,,,,,,,,,,,,,,,,,,,,,,,,,,,,,,,,,,,,,,,,,,,,,,,,,,,,,,,,,,,,,,,,,
,,,,,,,,,,,,,,,,,,,,,,,,,,,,,,,,,,,,,,,,,,,,,,,,,,,,,,,,,,,,,,,,,,
,,,,,,,,,,,,,,,,,,,,,,,,,,,,,,,,,,,,,,,,,,,,,,,,,,,,,,,,,,,,,,,,,,
,,,,,,,,,,,,,,,,,,,,,,,,,,,,,,,,,,,,,,,,,,,,,,,,,,,,,,,,,,,,,,,,,,
,,,,,,,,,,,,,,,,,,,,,,,,,,,,,,,,,,,,,,,,,,,,,,,,,,,,,,,,,,,,,,,,,,
,,,,,,,,,,,,,,,,,,,,,,,,,,,,,,,,,,,,,,,,,,,,,,,,,,,,,,,,,,,,,,,,,,
,,,,,,,,,,,,,,,,,,,,,,,,,,,,,,,,,,,,,,,,,,,,,,,,,,,,,,,,,,,,,,,,,,
,,,,,,,,,,,,,,,,,,,,,,,,,,,,,,,,,,,,,,,,,,,,,,,,,,,,,,,,,,,,,,,,,,
,,,,,,,,,,,,,,,,,,,,,,,,,,,,,,,,,,,,,,,,,,,,,,,,,,,,,,,,,,,,,,,,,,
,,,,,,,,,,,,,,,,,,,,,,,,,,,,,,,,,,,,,,,,,,,,,,,,,,,,,,,,,,,,,,,,,,
,,,,,,,,,,,,,,,,,,,,,,,,,,,,,,,,,,,,,,,,,,,,,,,,,,,,,,,,,,,,,,,,,,
,,,,,,,,,,,,,,,,,,,,,,,,,,,,,,,,,,,,,,,,,,,,,,,,,,,,,,,,,,,,,,,,,,
,,,,,,,,,,,,,,,,,,,,,,,,,,,,,,,,,,,,,,,,,,,,,,,,,,,,,,,,,,,,,,,,,,
,,,,,,,,,,,,,,,,,,,,,,,,,,,,,,,,,,,,,,,,,,,,,,,,,,,,,,,,,,,,,,,,,,
,,,,,,,,,,,,,,,,,,,,,,,,,,,,,,,,,,,,,,,,,,,,,,,,,,,,,,,,,,,,,,,,,,
,,,,,,,,,,,,,,,,,,,,,,,,,,,,,,,,,,,,,,,,,,,,,,,,,,,,,,,,,,,,,,,,,,
,,,,,,,,,,,,,,,,,,,,,,,,,,,,,,,,,,,,,,,,,,,,,,,,,,,,,,,,,,,,,,,,,,
,,,,,,,,,,,,,,,,,,,,,,,,,,,,,,,,,,,,,,,,,,,,,,,,,,,,,,,,,,,,,,,,,,
,,,,,,,,,,,,,,,,,,,,,,,,,,,,,,,,,,,,,,,,,,,,,,,,,,,,,,,,,,,,,,,,,,
,,,,,,,,,,,,,,,,,,,,,,,,,,,,,,,,,,,,,,,,,,,,,,,,,,,,,,,,,,,,,,,,,,
,,,,,,,,,,,,,,,,,,,,,,,,,,,,,,,,,,,,,,,,,,,,,,,,,,,,,,,,,,,,,,,,,,
,,,,,,,,,,,,,,,,,,,,,,,,,,,,,,,,,,,,,,,,,,,,,,,,,,,,,,,,,,,,,,,,,,
,,,,,,,,,,,,,,,,,,,,,,,,,,,,,,,,,,,,,,,,,,,,,,,,,,,,,,,,,,,,,,,,,,
,,,,,,,,,,,,,,,,,,,,,,,,,,,,,,,,,,,,,,,,,,,,,,,,,,,,,,,,,,,,,,,,,,
,,,,,,,,,,,,,,,,,,,,,,,,,,,,,,,,,,,,,,,,,,,,,,,,,,,,,,,,,,,,,,,,,,
,,,,,,,,,,,,,,,,,,,,,,,,,,,,,,,,,,,,,,,,,,,,,,,,,,,,,,,,,,,,,,,,,,
,,,,,,,,,,,,,,,,,,,,,,,,,,,,,,,,,,,,,,,,,,,,,,,,,,,,,,,,,,,,,,,,,,
,,,,,,,,,,,,,,,,,,,,,,,,,,,,,,,,,,,,,,,,,,,,,,,,,,,,,,,,,,,,,,,,,,
,,,,,,,,,,,,,,,,,,,,,,,,,,,,,,,,,,,,,,,,,,,,,,,,,,,,,,,,,,,,,,,,,,
,,,,,,,,,,,,,,,,,,,,,,,,,,,,,,,,,,,,,,,,,,,,,,,,,,,,,,,,,,,,,,,,,,
,,,,,,,,,,,,,,,,,,,,,,,,,,,,,,,,,,,,,,,,,,,,,,,,,,,,,,,,,,,,,,,,,,
,,,,,,,,,,,,,,,,,,,,,,,,,,,,,,,,,,,,,,,,,,,,,,,,,,,,,,,,,,,,,,,,,,
,,,,,,,,,,,,,,,,,,,,,,,,,,,,,,,,,,,,,,,,,,,,,,,,,,,,,,,,,,,,,,,,,,
,,,,,,,,,,,,,,,,,,,,,,,,,,,,,,,,,,,,,,,,,,,,,,,,,,,,,,,,,,,,,,,,,,
,,,,,,,,,,,,,,,,,,,,,,,,,,,,,,,,,,,,,,,,,,,,,,,,,,,,,,,,,,,,,,,,,,
,,,,,,,,,,,,,,,,,,,,,,,,,,,,,,,,,,,,,,,,,,,,,,,,,,,,,,,,,,,,,,,,,,
,,,,,,,,,,,,,,,,,,,,,,,,,,,,,,,,,,,,,,,,,,,,,,,,,,,,,,,,,,,,,,,,,,
,,,,,,,,,,,,,,,,,,,,,,,,,,,,,,,,,,,,,,,,,,,,,,,,,,,,,,,,,,,,,,,,,,
,,,,,,,,,,,,,,,,,,,,,,,,,,,,,,,,,,,,,,,,,,,,,,,,,,,,,,,,,,,,,,,,,,
,,,,,,,,,,,,,,,,,,,,,,,,,,,,,,,,,,,,,,,,,,,,,,,,,,,,,,,,,,,,,,,,,,
,,,,,,,,,,,,,,,,,,,,,,,,,,,,,,,,,,,,,,,,,,,,,,,,,,,,,,,,,,,,,,,,,,
,,,,,,,,,,,,,,,,,,,,,,,,,,,,,,,,,,,,,,,,,,,,,,,,,,,,,,,,,,,,,,,,,,
,,,,,,,,,,,,,,,,,,,,,,,,,,,,,,,,,,,,,,,,,,,,,,,,,,,,,,,,,,,,,,,,,,
,,,,,,,,,,,,,,,,,,,,,,,,,,,,,,,,,,,,,,,,,,,,,,,,,,,,,,,,,,,,,,,,,,
,,,,,,,,,,,,,,,,,,,,,,,,,,,,,,,,,,,,,,,,,,,,,,,,,,,,,,,,,,,,,,,,,,
,,,,,,,,,,,,,,,,,,,,,,,,,,,,,,,,,,,,,,,,,,,,,,,,,,,,,,,,,,,,,,,,,,
,,,,,,,,,,,,,,,,,,,,,,,,,,,,,,,,,,,,,,,,,,,,,,,,,,,,,,,,,,,,,,,,,,
,,,,,,,,,,,,,,,,,,,,,,,,,,,,,,,,,,,,,,,,,,,,,,,,,,,,,,,,,,,,,,,,,,
,,,,,,,,,,,,,,,,,,,,,,,,,,,,,,,,,,,,,,,,,,,,,,,,,,,,,,,,,,,,,,,,,,
,,,,,,,,,,,,,,,,,,,,,,,,,,,,,,,,,,,,,,,,,,,,,,,,,,,,,,,,,,,,,,,,,,
,,,,,,,,,,,,,,,,,,,,,,,,,,,,,,,,,,,,,,,,,,,,,,,,,,,,,,,,,,,,,,,,,,
,,,,,,,,,,,,,,,,,,,,,,,,,,,,,,,,,,,,,,,,,,,,,,,,,,,,,,,,,,,,,,,,,,
,,,,,,,,,,,,,,,,,,,,,,,,,,,,,,,,,,,,,,,,,,,,,,,,,,,,,,,,,,,,,,,,,,
,,,,,,,,,,,,,,,,,,,,,,,,,,,,,,,,,,,,,,,,,,,,,,,,,,,,,,,,,,,,,,,,,,
,,,,,,,,,,,,,,,,,,,,,,,,,,,,,,,,,,,,,,,,,,,,,,,,,,,,,,,,,,,,,,,,,,
,,,,,,,,,,,,,,,,,,,,,,,,,,,,,,,,,,,,,,,,,,,,,,,,,,,,,,,,,,,,,,,,,,
,,,,,,,,,,,,,,,,,,,,,,,,,,,,,,,,,,,,,,,,,,,,,,,,,,,,,,,,,,,,,,,,,,
,,,,,,,,,,,,,,,,,,,,,,,,,,,,,,,,,,,,,,,,,,,,,,,,,,,,,,,,,,,,,,,,,,
,,,,,,,,,,,,,,,,,,,,,,,,,,,,,,,,,,,,,,,,,,,,,,,,,,,,,,,,,,,,,,,,,,
,,,,,,,,,,,,,,,,,,,,,,,,,,,,,,,,,,,,,,,,,,,,,,,,,,,,,,,,,,,,,,,,,,
,,,,,,,,,,,,,,,,,,,,,,,,,,,,,,,,,,,,,,,,,,,,,,,,,,,,,,,,,,,,,,,,,,
,,,,,,,,,,,,,,,,,,,,,,,,,,,,,,,,,,,,,,,,,,,,,,,,,,,,,,,,,,,,,,,,,,
,,,,,,,,,,,,,,,,,,,,,,,,,,,,,,,,,,,,,,,,,,,,,,,,,,,,,,,,,,,,,,,,,,
,,,,,,,,,,,,,,,,,,,,,,,,,,,,,,,,,,,,,,,,,,,,,,,,,,,,,,,,,,,,,,,,,,
,,,,,,,,,,,,,,,,,,,,,,,,,,,,,,,,,,,,,,,,,,,,,,,,,,,,,,,,,,,,,,,,,,
,,,,,,,,,,,,,,,,,,,,,,,,,,,,,,,,,,,,,,,,,,,,,,,,,,,,,,,,,,,,,,,,,,
,,,,,,,,,,,,,,,,,,,,,,,,,,,,,,,,,,,,,,,,,,,,,,,,,,,,,,,,,,,,,,,,,,
,,,,,,,,,,,,,,,,,,,,,,,,,,,,,,,,,,,,,,,,,,,,,,,,,,,,,,,,,,,,,,,,,,
,,,,,,,,,,,,,,,,,,,,,,,,,,,,,,,,,,,,,,,,,,,,,,,,,,,,,,,,,,,,,,,,,,
,,,,,,,,,,,,,,,,,,,,,,,,,,,,,,,,,,,,,,,,,,,,,,,,,,,,,,,,,,,,,,,,,,
,,,,,,,,,,,,,,,,,,,,,,,,,,,,,,,,,,,,,,,,,,,,,,,,,,,,,,,,,,,,,,,,,,
,,,,,,,,,,,,,,,,,,,,,,,,,,,,,,,,,,,,,,,,,,,,,,,,,,,,,,,,,,,,,,,,,,
,,,,,,,,,,,,,,,,,,,,,,,,,,,,,,,,,,,,,,,,,,,,,,,,,,,,,,,,,,,,,,,,,,
,,,,,,,,,,,,,,,,,,,,,,,,,,,,,,,,,,,,,,,,,,,,,,,,,,,,,,,,,,,,,,,,,,
,,,,,,,,,,,,,,,,,,,,,,,,,,,,,,,,,,,,,,,,,,,,,,,,,,,,,,,,,,,,,,,,,,
,,,,,,,,,,,,,,,,,,,,,,,,,,,,,,,,,,,,,,,,,,,,,,,,,,,,,,,,,,,,,,,,,,
,,,,,,,,,,,,,,,,,,,,,,,,,,,,,,,,,,,,,,,,,,,,,,,,,,,,,,,,,,,,,,,,,,
,,,,,,,,,,,,,,,,,,,,,,,,,,,,,,,,,,,,,,,,,,,,,,,,,,,,,,,,,,,,,,,,,,
,,,,,,,,,,,,,,,,,,,,,,,,,,,,,,,,,,,,,,,,,,,,,,,,,,,,,,,,,,,,,,,,,,
,,,,,,,,,,,,,,,,,,,,,,,,,,,,,,,,,,,,,,,,,,,,,,,,,,,,,,,,,,,,,,,,,,
,,,,,,,,,,,,,,,,,,,,,,,,,,,,,,,,,,,,,,,,,,,,,,,,,,,,,,,,,,,,,,,,,,
,,,,,,,,,,,,,,,,,,,,,,,,,,,,,,,,,,,,,,,,,,,,,,,,,,,,,,,,,,,,,,,,,,
,,,,,,,,,,,,,,,,,,,,,,,,,,,,,,,,,,,,,,,,,,,,,,,,,,,,,,,,,,,,,,,,,,
,,,,,,,,,,,,,,,,,,,,,,,,,,,,,,,,,,,,,,,,,,,,,,,,,,,,,,,,,,,,,,,,,,
,,,,,,,,,,,,,,,,,,,,,,,,,,,,,,,,,,,,,,,,,,,,,,,,,,,,,,,,,,,,,,,,,,
,,,,,,,,,,,,,,,,,,,,,,,,,,,,,,,,,,,,,,,,,,,,,,,,,,,,,,,,,,,,,,,,,,
,,,,,,,,,,,,,,,,,,,,,,,,,,,,,,,,,,,,,,,,,,,,,,,,,,,,,,,,,,,,,,,,,,
,,,,,,,,,,,,,,,,,,,,,,,,,,,,,,,,,,,,,,,,,,,,,,,,,,,,,,,,,,,,,,,,,,
,,,,,,,,,,,,,,,,,,,,,,,,,,,,,,,,,,,,,,,,,,,,,,,,,,,,,,,,,,,,,,,,,,
,,,,,,,,,,,,,,,,,,,,,,,,,,,,,,,,,,,,,,,,,,,,,,,,,,,,,,,,,,,,,,,,,,
,,,,,,,,,,,,,,,,,,,,,,,,,,,,,,,,,,,,,,,,,,,,,,,,,,,,,,,,,,,,,,,,,,
,,,,,,,,,,,,,,,,,,,,,,,,,,,,,,,,,,,,,,,,,,,,,,,,,,,,,,,,,,,,,,,,,,
,,,,,,,,,,,,,,,,,,,,,,,,,,,,,,,,,,,,,,,,,,,,,,,,,,,,,,,,,,,,,,,,,,
,,,,,,,,,,,,,,,,,,,,,,,,,,,,,,,,,,,,,,,,,,,,,,,,,,,,,,,,,,,,,,,,,,
,,,,,,,,,,,,,,,,,,,,,,,,,,,,,,,,,,,,,,,,,,,,,,,,,,,,,,,,,,,,,,,,,,
,,,,,,,,,,,,,,,,,,,,,,,,,,,,,,,,,,,,,,,,,,,,,,,,,,,,,,,,,,,,,,,,,,
,,,,,,,,,,,,,,,,,,,,,,,,,,,,,,,,,,,,,,,,,,,,,,,,,,,,,,,,,,,,,,,,,,
,,,,,,,,,,,,,,,,,,,,,,,,,,,,,,,,,,,,,,,,,,,,,,,,,,,,,,,,,,,,,,,,,,
,,,,,,,,,,,,,,,,,,,,,,,,,,,,,,,,,,,,,,,,,,,,,,,,,,,,,,,,,,,,,,,,,,
,,,,,,,,,,,,,,,,,,,,,,,,,,,,,,,,,,,,,,,,,,,,,,,,,,,,,,,,,,,,,,,,,,
,,,,,,,,,,,,,,,,,,,,,,,,,,,,,,,,,,,,,,,,,,,,,,,,,,,,,,,,,,,,,,,,,,
,,,,,,,,,,,,,,,,,,,,,,,,,,,,,,,,,,,,,,,,,,,,,,,,,,,,,,,,,,,,,,,,,,
,,,,,,,,,,,,,,,,,,,,,,,,,,,,,,,,,,,,,,,,,,,,,,,,,,,,,,,,,,,,,,,,,,
,,,,,,,,,,,,,,,,,,,,,,,,,,,,,,,,,,,,,,,,,,,,,,,,,,,,,,,,,,,,,,,,,,
,,,,,,,,,,,,,,,,,,,,,,,,,,,,,,,,,,,,,,,,,,,,,,,,,,,,,,,,,,,,,,,,,,
,,,,,,,,,,,,,,,,,,,,,,,,,,,,,,,,,,,,,,,,,,,,,,,,,,,,,,,,,,,,,,,,,,
,,,,,,,,,,,,,,,,,,,,,,,,,,,,,,,,,,,,,,,,,,,,,,,,,,,,,,,,,,,,,,,,,,
,,,,,,,,,,,,,,,,,,,,,,,,,,,,,,,,,,,,,,,,,,,,,,,,,,,,,,,,,,,,,,,,,,
,,,,,,,,,,,,,,,,,,,,,,,,,,,,,,,,,,,,,,,,,,,,,,,,,,,,,,,,,,,,,,,,,,
,,,,,,,,,,,,,,,,,,,,,,,,,,,,,,,,,,,,,,,,,,,,,,,,,,,,,,,,,,,,,,,,,,
,,,,,,,,,,,,,,,,,,,,,,,,,,,,,,,,,,,,,,,,,,,,,,,,,,,,,,,,,,,,,,,,,,
,,,,,,,,,,,,,,,,,,,,,,,,,,,,,,,,,,,,,,,,,,,,,,,,,,,,,,,,,,,,,,,,,,
,,,,,,,,,,,,,,,,,,,,,,,,,,,,,,,,,,,,,,,,,,,,,,,,,,,,,,,,,,,,,,,,,,
,,,,,,,,,,,,,,,,,,,,,,,,,,,,,,,,,,,,,,,,,,,,,,,,,,,,,,,,,,,,,,,,,,
,,,,,,,,,,,,,,,,,,,,,,,,,,,,,,,,,,,,,,,,,,,,,,,,,,,,,,,,,,,,,,,,,,
,,,,,,,,,,,,,,,,,,,,,,,,,,,,,,,,,,,,,,,,,,,,,,,,,,,,,,,,,,,,,,,,,,
,,,,,,,,,,,,,,,,,,,,,,,,,,,,,,,,,,,,,,,,,,,,,,,,,,,,,,,,,,,,,,,,,,
,,,,,,,,,,,,,,,,,,,,,,,,,,,,,,,,,,,,,,,,,,,,,,,,,,,,,,,,,,,,,,,,,,
,,,,,,,,,,,,,,,,,,,,,,,,,,,,,,,,,,,,,,,,,,,,,,,,,,,,,,,,,,,,,,,,,,
,,,,,,,,,,,,,,,,,,,,,,,,,,,,,,,,,,,,,,,,,,,,,,,,,,,,,,,,,,,,,,,,,,
,,,,,,,,,,,,,,,,,,,,,,,,,,,,,,,,,,,,,,,,,,,,,,,,,,,,,,,,,,,,,,,,,,
,,,,,,,,,,,,,,,,,,,,,,,,,,,,,,,,,,,,,,,,,,,,,,,,,,,,,,,,,,,,,,,,,,
,,,,,,,,,,,,,,,,,,,,,,,,,,,,,,,,,,,,,,,,,,,,,,,,,,,,,,,,,,,,,,,,,,
,,,,,,,,,,,,,,,,,,,,,,,,,,,,,,,,,,,,,,,,,,,,,,,,,,,,,,,,,,,,,,,,,,
,,,,,,,,,,,,,,,,,,,,,,,,,,,,,,,,,,,,,,,,,,,,,,,,,,,,,,,,,,,,,,,,,,
,,,,,,,,,,,,,,,,,,,,,,,,,,,,,,,,,,,,,,,,,,,,,,,,,,,,,,,,,,,,,,,,,,
,,,,,,,,,,,,,,,,,,,,,,,,,,,,,,,,,,,,,,,,,,,,,,,,,,,,,,,,,,,,,,,,,,
,,,,,,,,,,,,,,,,,,,,,,,,,,,,,,,,,,,,,,,,,,,,,,,,,,,,,,,,,,,,,,,,,,
,,,,,,,,,,,,,,,,,,,,,,,,,,,,,,,,,,,,,,,,,,,,,,,,,,,,,,,,,,,,,,,,,,
,,,,,,,,,,,,,,,,,,,,,,,,,,,,,,,,,,,,,,,,,,,,,,,,,,,,,,,,,,,,,,,,,,
,,,,,,,,,,,,,,,,,,,,,,,,,,,,,,,,,,,,,,,,,,,,,,,,,,,,,,,,,,,,,,,,,,
,,,,,,,,,,,,,,,,,,,,,,,,,,,,,,,,,,,,,,,,,,,,,,,,,,,,,,,,,,,,,,,,,,
,,,,,,,,,,,,,,,,,,,,,,,,,,,,,,,,,,,,,,,,,,,,,,,,,,,,,,,,,,,,,,,,,,
,,,,,,,,,,,,,,,,,,,,,,,,,,,,,,,,,,,,,,,,,,,,,,,,,,,,,,,,,,,,,,,,,,
,,,,,,,,,,,,,,,,,,,,,,,,,,,,,,,,,,,,,,,,,,,,,,,,,,,,,,,,,,,,,,,,,,
,,,,,,,,,,,,,,,,,,,,,,,,,,,,,,,,,,,,,,,,,,,,,,,,,,,,,,,,,,,,,,,,,,
,,,,,,,,,,,,,,,,,,,,,,,,,,,,,,,,,,,,,,,,,,,,,,,,,,,,,,,,,,,,,,,,,,
,,,,,,,,,,,,,,,,,,,,,,,,,,,,,,,,,,,,,,,,,,,,,,,,,,,,,,,,,,,,,,,,,,
,,,,,,,,,,,,,,,,,,,,,,,,,,,,,,,,,,,,,,,,,,,,,,,,,,,,,,,,,,,,,,,,,,
,,,,,,,,,,,,,,,,,,,,,,,,,,,,,,,,,,,,,,,,,,,,,,,,,,,,,,,,,,,,,,,,,,
,,,,,,,,,,,,,,,,,,,,,,,,,,,,,,,,,,,,,,,,,,,,,,,,,,,,,,,,,,,,,,,,,,
,,,,,,,,,,,,,,,,,,,,,,,,,,,,,,,,,,,,,,,,,,,,,,,,,,,,,,,,,,,,,,,,,,
,,,,,,,,,,,,,,,,,,,,,,,,,,,,,,,,,,,,,,,,,,,,,,,,,,,,,,,,,,,,,,,,,,
,,,,,,,,,,,,,,,,,,,,,,,,,,,,,,,,,,,,,,,,,,,,,,,,,,,,,,,,,,,,,,,,,,
,,,,,,,,,,,,,,,,,,,,,,,,,,,,,,,,,,,,,,,,,,,,,,,,,,,,,,,,,,,,,,,,,,
,,,,,,,,,,,,,,,,,,,,,,,,,,,,,,,,,,,,,,,,,,,,,,,,,,,,,,,,,,,,,,,,,,
,,,,,,,,,,,,,,,,,,,,,,,,,,,,,,,,,,,,,,,,,,,,,,,,,,,,,,,,,,,,,,,,,,
,,,,,,,,,,,,,,,,,,,,,,,,,,,,,,,,,,,,,,,,,,,,,,,,,,,,,,,,,,,,,,,,,,
,,,,,,,,,,,,,,,,,,,,,,,,,,,,,,,,,,,,,,,,,,,,,,,,,,,,,,,,,,,,,,,,,,
,,,,,,,,,,,,,,,,,,,,,,,,,,,,,,,,,,,,,,,,,,,,,,,,,,,,,,,,,,,,,,,,,,
,,,,,,,,,,,,,,,,,,,,,,,,,,,,,,,,,,,,,,,,,,,,,,,,,,,,,,,,,,,,,,,,,,
,,,,,,,,,,,,,,,,,,,,,,,,,,,,,,,,,,,,,,,,,,,,,,,,,,,,,,,,,,,,,,,,,,
,,,,,,,,,,,,,,,,,,,,,,,,,,,,,,,,,,,,,,,,,,,,,,,,,,,,,,,,,,,,,,,,,,
,,,,,,,,,,,,,,,,,,,,,,,,,,,,,,,,,,,,,,,,,,,,,,,,,,,,,,,,,,,,,,,,,,
,,,,,,,,,,,,,,,,,,,,,,,,,,,,,,,,,,,,,,,,,,,,,,,,,,,,,,,,,,,,,,,,,,
,,,,,,,,,,,,,,,,,,,,,,,,,,,,,,,,,,,,,,,,,,,,,,,,,,,,,,,,,,,,,,,,,,
,,,,,,,,,,,,,,,,,,,,,,,,,,,,,,,,,,,,,,,,,,,,,,,,,,,,,,,,,,,,,,,,,,
,,,,,,,,,,,,,,,,,,,,,,,,,,,,,,,,,,,,,,,,,,,,,,,,,,,,,,,,,,,,,,,,,,
,,,,,,,,,,,,,,,,,,,,,,,,,,,,,,,,,,,,,,,,,,,,,,,,,,,,,,,,,,,,,,,,,,
,,,,,,,,,,,,,,,,,,,,,,,,,,,,,,,,,,,,,,,,,,,,,,,,,,,,,,,,,,,,,,,,,,
,,,,,,,,,,,,,,,,,,,,,,,,,,,,,,,,,,,,,,,,,,,,,,,,,,,,,,,,,,,,,,,,,,
,,,,,,,,,,,,,,,,,,,,,,,,,,,,,,,,,,,,,,,,,,,,,,,,,,,,,,,,,,,,,,,,,,
,,,,,,,,,,,,,,,,,,,,,,,,,,,,,,,,,,,,,,,,,,,,,,,,,,,,,,,,,,,,,,,,,,
,,,,,,,,,,,,,,,,,,,,,,,,,,,,,,,,,,,,,,,,,,,,,,,,,,,,,,,,,,,,,,,,,,
,,,,,,,,,,,,,,,,,,,,,,,,,,,,,,,,,,,,,,,,,,,,,,,,,,,,,,,,,,,,,,,,,,
,,,,,,,,,,,,,,,,,,,,,,,,,,,,,,,,,,,,,,,,,,,,,,,,,,,,,,,,,,,,,,,,,,
,,,,,,,,,,,,,,,,,,,,,,,,,,,,,,,,,,,,,,,,,,,,,,,,,,,,,,,,,,,,,,,,,,
,,,,,,,,,,,,,,,,,,,,,,,,,,,,,,,,,,,,,,,,,,,,,,,,,,,,,,,,,,,,,,,,,,
,,,,,,,,,,,,,,,,,,,,,,,,,,,,,,,,,,,,,,,,,,,,,,,,,,,,,,,,,,,,,,,,,,
,,,,,,,,,,,,,,,,,,,,,,,,,,,,,,,,,,,,,,,,,,,,,,,,,,,,,,,,,,,,,,,,,,
,,,,,,,,,,,,,,,,,,,,,,,,,,,,,,,,,,,,,,,,,,,,,,,,,,,,,,,,,,,,,,,,,,
,,,,,,,,,,,,,,,,,,,,,,,,,,,,,,,,,,,,,,,,,,,,,,,,,,,,,,,,,,,,,,,,,,
,,,,,,,,,,,,,,,,,,,,,,,,,,,,,,,,,,,,,,,,,,,,,,,,,,,,,,,,,,,,,,,,,,
,,,,,,,,,,,,,,,,,,,,,,,,,,,,,,,,,,,,,,,,,,,,,,,,,,,,,,,,,,,,,,,,,,
,,,,,,,,,,,,,,,,,,,,,,,,,,,,,,,,,,,,,,,,,,,,,,,,,,,,,,,,,,,,,,,,,,
,,,,,,,,,,,,,,,,,,,,,,,,,,,,,,,,,,,,,,,,,,,,,,,,,,,,,,,,,,,,,,,,,,
,,,,,,,,,,,,,,,,,,,,,,,,,,,,,,,,,,,,,,,,,,,,,,,,,,,,,,,,,,,,,,,,,,
,,,,,,,,,,,,,,,,,,,,,,,,,,,,,,,,,,,,,,,,,,,,,,,,,,,,,,,,,,,,,,,,,,
,,,,,,,,,,,,,,,,,,,,,,,,,,,,,,,,,,,,,,,,,,,,,,,,,,,,,,,,,,,,,,,,,,
,,,,,,,,,,,,,,,,,,,,,,,,,,,,,,,,,,,,,,,,,,,,,,,,,,,,,,,,,,,,,,,,,,
,,,,,,,,,,,,,,,,,,,,,,,,,,,,,,,,,,,,,,,,,,,,,,,,,,,,,,,,,,,,,,,,,,
,,,,,,,,,,,,,,,,,,,,,,,,,,,,,,,,,,,,,,,,,,,,,,,,,,,,,,,,,,,,,,,,,,
,,,,,,,,,,,,,,,,,,,,,,,,,,,,,,,,,,,,,,,,,,,,,,,,,,,,,,,,,,,,,,,,,,
,,,,,,,,,,,,,,,,,,,,,,,,,,,,,,,,,,,,,,,,,,,,,,,,,,,,,,,,,,,,,,,,,,
,,,,,,,,,,,,,,,,,,,,,,,,,,,,,,,,,,,,,,,,,,,,,,,,,,,,,,,,,,,,,,,,,,
,,,,,,,,,,,,,,,,,,,,,,,,,,,,,,,,,,,,,,,,,,,,,,,,,,,,,,,,,,,,,,,,,,
,,,,,,,,,,,,,,,,,,,,,,,,,,,,,,,,,,,,,,,,,,,,,,,,,,,,,,,,,,,,,,,,,,
,,,,,,,,,,,,,,,,,,,,,,,,,,,,,,,,,,,,,,,,,,,,,,,,,,,,,,,,,,,,,,,,,,
,,,,,,,,,,,,,,,,,,,,,,,,,,,,,,,,,,,,,,,,,,,,,,,,,,,,,,,,,,,,,,,,,,
,,,,,,,,,,,,,,,,,,,,,,,,,,,,,,,,,,,,,,,,,,,,,,,,,,,,,,,,,,,,,,,,,,
,,,,,,,,,,,,,,,,,,,,,,,,,,,,,,,,,,,,,,,,,,,,,,,,,,,,,,,,,,,,,,,,,,
,,,,,,,,,,,,,,,,,,,,,,,,,,,,,,,,,,,,,,,,,,,,,,,,,,,,,,,,,,,,,,,,,,
,,,,,,,,,,,,,,,,,,,,,,,,,,,,,,,,,,,,,,,,,,,,,,,,,,,,,,,,,,,,,,,,,,
,,,,,,,,,,,,,,,,,,,,,,,,,,,,,,,,,,,,,,,,,,,,,,,,,,,,,,,,,,,,,,,,,,
,,,,,,,,,,,,,,,,,,,,,,,,,,,,,,,,,,,,,,,,,,,,,,,,,,,,,,,,,,,,,,,,,,
,,,,,,,,,,,,,,,,,,,,,,,,,,,,,,,,,,,,,,,,,,,,,,,,,,,,,,,,,,,,,,,,,,
,,,,,,,,,,,,,,,,,,,,,,,,,,,,,,,,,,,,,,,,,,,,,,,,,,,,,,,,,,,,,,,,,,
,,,,,,,,,,,,,,,,,,,,,,,,,,,,,,,,,,,,,,,,,,,,,,,,,,,,,,,,,,,,,,,,,,
,,,,,,,,,,,,,,,,,,,,,,,,,,,,,,,,,,,,,,,,,,,,,,,,,,,,,,,,,,,,,,,,,,
,,,,,,,,,,,,,,,,,,,,,,,,,,,,,,,,,,,,,,,,,,,,,,,,,,,,,,,,,,,,,,,,,,
,,,,,,,,,,,,,,,,,,,,,,,,,,,,,,,,,,,,,,,,,,,,,,,,,,,,,,,,,,,,,,,,,,
,,,,,,,,,,,,,,,,,,,,,,,,,,,,,,,,,,,,,,,,,,,,,,,,,,,,,,,,,,,,,,,,,,
,,,,,,,,,,,,,,,,,,,,,,,,,,,,,,,,,,,,,,,,,,,,,,,,,,,,,,,,,,,,,,,,,,
,,,,,,,,,,,,,,,,,,,,,,,,,,,,,,,,,,,,,,,,,,,,,,,,,,,,,,,,,,,,,,,,,,
,,,,,,,,,,,,,,,,,,,,,,,,,,,,,,,,,,,,,,,,,,,,,,,,,,,,,,,,,,,,,,,,,,
,,,,,,,,,,,,,,,,,,,,,,,,,,,,,,,,,,,,,,,,,,,,,,,,,,,,,,,,,,,,,,,,,,
,,,,,,,,,,,,,,,,,,,,,,,,,,,,,,,,,,,,,,,,,,,,,,,,,,,,,,,,,,,,,,,,,,
,,,,,,,,,,,,,,,,,,,,,,,,,,,,,,,,,,,,,,,,,,,,,,,,,,,,,,,,,,,,,,,,,,
,,,,,,,,,,,,,,,,,,,,,,,,,,,,,,,,,,,,,,,,,,,,,,,,,,,,,,,,,,,,,,,,,,
,,,,,,,,,,,,,,,,,,,,,,,,,,,,,,,,,,,,,,,,,,,,,,,,,,,,,,,,,,,,,,,,,,
,,,,,,,,,,,,,,,,,,,,,,,,,,,,,,,,,,,,,,,,,,,,,,,,,,,,,,,,,,,,,,,,,,
,,,,,,,,,,,,,,,,,,,,,,,,,,,,,,,,,,,,,,,,,,,,,,,,,,,,,,,,,,,,,,,,,,
,,,,,,,,,,,,,,,,,,,,,,,,,,,,,,,,,,,,,,,,,,,,,,,,,,,,,,,,,,,,,,,,,,
,,,,,,,,,,,,,,,,,,,,,,,,,,,,,,,,,,,,,,,,,,,,,,,,,,,,,,,,,,,,,,,,,,
,,,,,,,,,,,,,,,,,,,,,,,,,,,,,,,,,,,,,,,,,,,,,,,,,,,,,,,,,,,,,,,,,,
,,,,,,,,,,,,,,,,,,,,,,,,,,,,,,,,,,,,,,,,,,,,,,,,,,,,,,,,,,,,,,,,,,
,,,,,,,,,,,,,,,,,,,,,,,,,,,,,,,,,,,,,,,,,,,,,,,,,,,,,,,,,,,,,,,,,,
,,,,,,,,,,,,,,,,,,,,,,,,,,,,,,,,,,,,,,,,,,,,,,,,,,,,,,,,,,,,,,,,,,
,,,,,,,,,,,,,,,,,,,,,,,,,,,,,,,,,,,,,,,,,,,,,,,,,,,,,,,,,,,,,,,,,,
,,,,,,,,,,,,,,,,,,,,,,,,,,,,,,,,,,,,,,,,,,,,,,,,,,,,,,,,,,,,,,,,,,
,,,,,,,,,,,,,,,,,,,,,,,,,,,,,,,,,,,,,,,,,,,,,,,,,,,,,,,,,,,,,,,,,,
,,,,,,,,,,,,,,,,,,,,,,,,,,,,,,,,,,,,,,,,,,,,,,,,,,,,,,,,,,,,,,,,,,
,,,,,,,,,,,,,,,,,,,,,,,,,,,,,,,,,,,,,,,,,,,,,,,,,,,,,,,,,,,,,,,,,,
,,,,,,,,,,,,,,,,,,,,,,,,,,,,,,,,,,,,,,,,,,,,,,,,,,,,,,,,,,,,,,,,,,
,,,,,,,,,,,,,,,,,,,,,,,,,,,,,,,,,,,,,,,,,,,,,,,,,,,,,,,,,,,,,,,,,,
,,,,,,,,,,,,,,,,,,,,,,,,,,,,,,,,,,,,,,,,,,,,,,,,,,,,,,,,,,,,,,,,,,
,,,,,,,,,,,,,,,,,,,,,,,,,,,,,,,,,,,,,,,,,,,,,,,,,,,,,,,,,,,,,,,,,,
,,,,,,,,,,,,,,,,,,,,,,,,,,,,,,,,,,,,,,,,,,,,,,,,,,,,,,,,,,,,,,,,,,
,,,,,,,,,,,,,,,,,,,,,,,,,,,,,,,,,,,,,,,,,,,,,,,,,,,,,,,,,,,,,,,,,,
,,,,,,,,,,,,,,,,,,,,,,,,,,,,,,,,,,,,,,,,,,,,,,,,,,,,,,,,,,,,,,,,,,
,,,,,,,,,,,,,,,,,,,,,,,,,,,,,,,,,,,,,,,,,,,,,,,,,,,,,,,,,,,,,,,,,,
,,,,,,,,,,,,,,,,,,,,,,,,,,,,,,,,,,,,,,,,,,,,,,,,,,,,,,,,,,,,,,,,,,
,,,,,,,,,,,,,,,,,,,,,,,,,,,,,,,,,,,,,,,,,,,,,,,,,,,,,,,,,,,,,,,,,,
,,,,,,,,,,,,,,,,,,,,,,,,,,,,,,,,,,,,,,,,,,,,,,,,,,,,,,,,,,,,,,,,,,
,,,,,,,,,,,,,,,,,,,,,,,,,,,,,,,,,,,,,,,,,,,,,,,,,,,,,,,,,,,,,,,,,,
,,,,,,,,,,,,,,,,,,,,,,,,,,,,,,,,,,,,,,,,,,,,,,,,,,,,,,,,,,,,,,,,,,
,,,,,,,,,,,,,,,,,,,,,,,,,,,,,,,,,,,,,,,,,,,,,,,,,,,,,,,,,,,,,,,,,,
,,,,,,,,,,,,,,,,,,,,,,,,,,,,,,,,,,,,,,,,,,,,,,,,,,,,,,,,,,,,,,,,,,
,,,,,,,,,,,,,,,,,,,,,,,,,,,,,,,,,,,,,,,,,,,,,,,,,,,,,,,,,,,,,,,,,,
,,,,,,,,,,,,,,,,,,,,,,,,,,,,,,,,,,,,,,,,,,,,,,,,,,,,,,,,,,,,,,,,,,
,,,,,,,,,,,,,,,,,,,,,,,,,,,,,,,,,,,,,,,,,,,,,,,,,,,,,,,,,,,,,,,,,,
,,,,,,,,,,,,,,,,,,,,,,,,,,,,,,,,,,,,,,,,,,,,,,,,,,,,,,,,,,,,,,,,,,
,,,,,,,,,,,,,,,,,,,,,,,,,,,,,,,,,,,,,,,,,,,,,,,,,,,,,,,,,,,,,,,,,,
,,,,,,,,,,,,,,,,,,,,,,,,,,,,,,,,,,,,,,,,,,,,,,,,,,,,,,,,,,,,,,,,,,
,,,,,,,,,,,,,,,,,,,,,,,,,,,,,,,,,,,,,,,,,,,,,,,,,,,,,,,,,,,,,,,,,,
,,,,,,,,,,,,,,,,,,,,,,,,,,,,,,,,,,,,,,,,,,,,,,,,,,,,,,,,,,,,,,,,,,
,,,,,,,,,,,,,,,,,,,,,,,,,,,,,,,,,,,,,,,,,,,,,,,,,,,,,,,,,,,,,,,,,,
,,,,,,,,,,,,,,,,,,,,,,,,,,,,,,,,,,,,,,,,,,,,,,,,,,,,,,,,,,,,,,,,,,
,,,,,,,,,,,,,,,,,,,,,,,,,,,,,,,,,,,,,,,,,,,,,,,,,,,,,,,,,,,,,,,,,,
,,,,,,,,,,,,,,,,,,,,,,,,,,,,,,,,,,,,,,,,,,,,,,,,,,,,,,,,,,,,,,,,,,
,,,,,,,,,,,,,,,,,,,,,,,,,,,,,,,,,,,,,,,,,,,,,,,,,,,,,,,,,,,,,,,,,,
,,,,,,,,,,,,,,,,,,,,,,,,,,,,,,,,,,,,,,,,,,,,,,,,,,,,,,,,,,,,,,,,,,
,,,,,,,,,,,,,,,,,,,,,,,,,,,,,,,,,,,,,,,,,,,,,,,,,,,,,,,,,,,,,,,,,,
,,,,,,,,,,,,,,,,,,,,,,,,,,,,,,,,,,,,,,,,,,,,,,,,,,,,,,,,,,,,,,,,,,
,,,,,,,,,,,,,,,,,,,,,,,,,,,,,,,,,,,,,,,,,,,,,,,,,,,,,,,,,,,,,,,,,,
,,,,,,,,,,,,,,,,,,,,,,,,,,,,,,,,,,,,,,,,,,,,,,,,,,,,,,,,,,,,,,,,,,
,,,,,,,,,,,,,,,,,,,,,,,,,,,,,,,,,,,,,,,,,,,,,,,,,,,,,,,,,,,,,,,,,,
,,,,,,,,,,,,,,,,,,,,,,,,,,,,,,,,,,,,,,,,,,,,,,,,,,,,,,,,,,,,,,,,,,
,,,,,,,,,,,,,,,,,,,,,,,,,,,,,,,,,,,,,,,,,,,,,,,,,,,,,,,,,,,,,,,,,,
,,,,,,,,,,,,,,,,,,,,,,,,,,,,,,,,,,,,,,,,,,,,,,,,,,,,,,,,,,,,,,,,,,
,,,,,,,,,,,,,,,,,,,,,,,,,,,,,,,,,,,,,,,,,,,,,,,,,,,,,,,,,,,,,,,,,,
,,,,,,,,,,,,,,,,,,,,,,,,,,,,,,,,,,,,,,,,,,,,,,,,,,,,,,,,,,,,,,,,,,
,,,,,,,,,,,,,,,,,,,,,,,,,,,,,,,,,,,,,,,,,,,,,,,,,,,,,,,,,,,,,,,,,,
,,,,,,,,,,,,,,,,,,,,,,,,,,,,,,,,,,,,,,,,,,,,,,,,,,,,,,,,,,,,,,,,,,
,,,,,,,,,,,,,,,,,,,,,,,,,,,,,,,,,,,,,,,,,,,,,,,,,,,,,,,,,,,,,,,,,,
,,,,,,,,,,,,,,,,,,,,,,,,,,,,,,,,,,,,,,,,,,,,,,,,,,,,,,,,,,,,,,,,,,
,,,,,,,,,,,,,,,,,,,,,,,,,,,,,,,,,,,,,,,,,,,,,,,,,,,,,,,,,,,,,,,,,,
,,,,,,,,,,,,,,,,,,,,,,,,,,,,,,,,,,,,,,,,,,,,,,,,,,,,,,,,,,,,,,,,,,
,,,,,,,,,,,,,,,,,,,,,,,,,,,,,,,,,,,,,,,,,,,,,,,,,,,,,,,,,,,,,,,,,,
,,,,,,,,,,,,,,,,,,,,,,,,,,,,,,,,,,,,,,,,,,,,,,,,,,,,,,,,,,,,,,,,,,
,,,,,,,,,,,,,,,,,,,,,,,,,,,,,,,,,,,,,,,,,,,,,,,,,,,,,,,,,,,,,,,,,,
,,,,,,,,,,,,,,,,,,,,,,,,,,,,,,,,,,,,,,,,,,,,,,,,,,,,,,,,,,,,,,,,,,
,,,,,,,,,,,,,,,,,,,,,,,,,,,,,,,,,,,,,,,,,,,,,,,,,,,,,,,,,,,,,,,,,,
,,,,,,,,,,,,,,,,,,,,,,,,,,,,,,,,,,,,,,,,,,,,,,,,,,,,,,,,,,,,,,,,,,
,,,,,,,,,,,,,,,,,,,,,,,,,,,,,,,,,,,,,,,,,,,,,,,,,,,,,,,,,,,,,,,,,,
,,,,,,,,,,,,,,,,,,,,,,,,,,,,,,,,,,,,,,,,,,,,,,,,,,,,,,,,,,,,,,,,,,
,,,,,,,,,,,,,,,,,,,,,,,,,,,,,,,,,,,,,,,,,,,,,,,,,,,,,,,,,,,,,,,,,,
,,,,,,,,,,,,,,,,,,,,,,,,,,,,,,,,,,,,,,,,,,,,,,,,,,,,,,,,,,,,,,,,,,
,,,,,,,,,,,,,,,,,,,,,,,,,,,,,,,,,,,,,,,,,,,,,,,,,,,,,,,,,,,,,,,,,,
,,,,,,,,,,,,,,,,,,,,,,,,,,,,,,,,,,,,,,,,,,,,,,,,,,,,,,,,,,,,,,,,,,
,,,,,,,,,,,,,,,,,,,,,,,,,,,,,,,,,,,,,,,,,,,,,,,,,,,,,,,,,,,,,,,,,,
,,,,,,,,,,,,,,,,,,,,,,,,,,,,,,,,,,,,,,,,,,,,,,,,,,,,,,,,,,,,,,,,,,
,,,,,,,,,,,,,,,,,,,,,,,,,,,,,,,,,,,,,,,,,,,,,,,,,,,,,,,,,,,,,,,,,,
,,,,,,,,,,,,,,,,,,,,,,,,,,,,,,,,,,,,,,,,,,,,,,,,,,,,,,,,,,,,,,,,,,
,,,,,,,,,,,,,,,,,,,,,,,,,,,,,,,,,,,,,,,,,,,,,,,,,,,,,,,,,,,,,,,,,,
,,,,,,,,,,,,,,,,,,,,,,,,,,,,,,,,,,,,,,,,,,,,,,,,,,,,,,,,,,,,,,,,,,
,,,,,,,,,,,,,,,,,,,,,,,,,,,,,,,,,,,,,,,,,,,,,,,,,,,,,,,,,,,,,,,,,,
,,,,,,,,,,,,,,,,,,,,,,,,,,,,,,,,,,,,,,,,,,,,,,,,,,,,,,,,,,,,,,,,,,
,,,,,,,,,,,,,,,,,,,,,,,,,,,,,,,,,,,,,,,,,,,,,,,,,,,,,,,,,,,,,,,,,,
,,,,,,,,,,,,,,,,,,,,,,,,,,,,,,,,,,,,,,,,,,,,,,,,,,,,,,,,,,,,,,,,,,
,,,,,,,,,,,,,,,,,,,,,,,,,,,,,,,,,,,,,,,,,,,,,,,,,,,,,,,,,,,,,,,,,,
,,,,,,,,,,,,,,,,,,,,,,,,,,,,,,,,,,,,,,,,,,,,,,,,,,,,,,,,,,,,,,,,,,
,,,,,,,,,,,,,,,,,,,,,,,,,,,,,,,,,,,,,,,,,,,,,,,,,,,,,,,,,,,,,,,,,,
,,,,,,,,,,,,,,,,,,,,,,,,,,,,,,,,,,,,,,,,,,,,,,,,,,,,,,,,,,,,,,,,,,
,,,,,,,,,,,,,,,,,,,,,,,,,,,,,,,,,,,,,,,,,,,,,,,,,,,,,,,,,,,,,,,,,,
,,,,,,,,,,,,,,,,,,,,,,,,,,,,,,,,,,,,,,,,,,,,,,,,,,,,,,,,,,,,,,,,,,
,,,,,,,,,,,,,,,,,,,,,,,,,,,,,,,,,,,,,,,,,,,,,,,,,,,,,,,,,,,,,,,,,,
,,,,,,,,,,,,,,,,,,,,,,,,,,,,,,,,,,,,,,,,,,,,,,,,,,,,,,,,,,,,,,,,,,
,,,,,,,,,,,,,,,,,,,,,,,,,,,,,,,,,,,,,,,,,,,,,,,,,,,,,,,,,,,,,,,,,,
,,,,,,,,,,,,,,,,,,,,,,,,,,,,,,,,,,,,,,,,,,,,,,,,,,,,,,,,,,,,,,,,,,
,,,,,,,,,,,,,,,,,,,,,,,,,,,,,,,,,,,,,,,,,,,,,,,,,,,,,,,,,,,,,,,,,,
,,,,,,,,,,,,,,,,,,,,,,,,,,,,,,,,,,,,,,,,,,,,,,,,,,,,,,,,,,,,,,,,,,
,,,,,,,,,,,,,,,,,,,,,,,,,,,,,,,,,,,,,,,,,,,,,,,,,,,,,,,,,,,,,,,,,,
,,,,,,,,,,,,,,,,,,,,,,,,,,,,,,,,,,,,,,,,,,,,,,,,,,,,,,,,,,,,,,,,,,
,,,,,,,,,,,,,,,,,,,,,,,,,,,,,,,,,,,,,,,,,,,,,,,,,,,,,,,,,,,,,,,,,,
,,,,,,,,,,,,,,,,,,,,,,,,,,,,,,,,,,,,,,,,,,,,,,,,,,,,,,,,,,,,,,,,,,
,,,,,,,,,,,,,,,,,,,,,,,,,,,,,,,,,,,,,,,,,,,,,,,,,,,,,,,,,,,,,,,,,,
,,,,,,,,,,,,,,,,,,,,,,,,,,,,,,,,,,,,,,,,,,,,,,,,,,,,,,,,,,,,,,,,,,
,,,,,,,,,,,,,,,,,,,,,,,,,,,,,,,,,,,,,,,,,,,,,,,,,,,,,,,,,,,,,,,,,,
,,,,,,,,,,,,,,,,,,,,,,,,,,,,,,,,,,,,,,,,,,,,,,,,,,,,,,,,,,,,,,,,,,
,,,,,,,,,,,,,,,,,,,,,,,,,,,,,,,,,,,,,,,,,,,,,,,,,,,,,,,,,,,,,,,,,,
,,,,,,,,,,,,,,,,,,,,,,,,,,,,,,,,,,,,,,,,,,,,,,,,,,,,,,,,,,,,,,,,,,
,,,,,,,,,,,,,,,,,,,,,,,,,,,,,,,,,,,,,,,,,,,,,,,,,,,,,,,,,,,,,,,,,,
,,,,,,,,,,,,,,,,,,,,,,,,,,,,,,,,,,,,,,,,,,,,,,,,,,,,,,,,,,,,,,,,,,
,,,,,,,,,,,,,,,,,,,,,,,,,,,,,,,,,,,,,,,,,,,,,,,,,,,,,,,,,,,,,,,,,,
,,,,,,,,,,,,,,,,,,,,,,,,,,,,,,,,,,,,,,,,,,,,,,,,,,,,,,,,,,,,,,,,,,
,,,,,,,,,,,,,,,,,,,,,,,,,,,,,,,,,,,,,,,,,,,,,,,,,,,,,,,,,,,,,,,,,,
,,,,,,,,,,,,,,,,,,,,,,,,,,,,,,,,,,,,,,,,,,,,,,,,,,,,,,,,,,,,,,,,,,
,,,,,,,,,,,,,,,,,,,,,,,,,,,,,,,,,,,,,,,,,,,,,,,,,,,,,,,,,,,,,,,,,,
,,,,,,,,,,,,,,,,,,,,,,,,,,,,,,,,,,,,,,,,,,,,,,,,,,,,,,,,,,,,,,,,,,
,,,,,,,,,,,,,,,,,,,,,,,,,,,,,,,,,,,,,,,,,,,,,,,,,,,,,,,,,,,,,,,,,,
,,,,,,,,,,,,,,,,,,,,,,,,,,,,,,,,,,,,,,,,,,,,,,,,,,,,,,,,,,,,,,,,,,
,,,,,,,,,,,,,,,,,,,,,,,,,,,,,,,,,,,,,,,,,,,,,,,,,,,,,,,,,,,,,,,,,,
,,,,,,,,,,,,,,,,,,,,,,,,,,,,,,,,,,,,,,,,,,,,,,,,,,,,,,,,,,,,,,,,,,
,,,,,,,,,,,,,,,,,,,,,,,,,,,,,,,,,,,,,,,,,,,,,,,,,,,,,,,,,,,,,,,,,,
,,,,,,,,,,,,,,,,,,,,,,,,,,,,,,,,,,,,,,,,,,,,,,,,,,,,,,,,,,,,,,,,,,
,,,,,,,,,,,,,,,,,,,,,,,,,,,,,,,,,,,,,,,,,,,,,,,,,,,,,,,,,,,,,,,,,,
,,,,,,,,,,,,,,,,,,,,,,,,,,,,,,,,,,,,,,,,,,,,,,,,,,,,,,,,,,,,,,,,,,
,,,,,,,,,,,,,,,,,,,,,,,,,,,,,,,,,,,,,,,,,,,,,,,,,,,,,,,,,,,,,,,,,,
,,,,,,,,,,,,,,,,,,,,,,,,,,,,,,,,,,,,,,,,,,,,,,,,,,,,,,,,,,,,,,,,,,
,,,,,,,,,,,,,,,,,,,,,,,,,,,,,,,,,,,,,,,,,,,,,,,,,,,,,,,,,,,,,,,,,,
,,,,,,,,,,,,,,,,,,,,,,,,,,,,,,,,,,,,,,,,,,,,,,,,,,,,,,,,,,,,,,,,,,
,,,,,,,,,,,,,,,,,,,,,,,,,,,,,,,,,,,,,,,,,,,,,,,,,,,,,,,,,,,,,,,,,,
,,,,,,,,,,,,,,,,,,,,,,,,,,,,,,,,,,,,,,,,,,,,,,,,,,,,,,,,,,,,,,,,,,
,,,,,,,,,,,,,,,,,,,,,,,,,,,,,,,,,,,,,,,,,,,,,,,,,,,,,,,,,,,,,,,,,,
,,,,,,,,,,,,,,,,,,,,,,,,,,,,,,,,,,,,,,,,,,,,,,,,,,,,,,,,,,,,,,,,,,
,,,,,,,,,,,,,,,,,,,,,,,,,,,,,,,,,,,,,,,,,,,,,,,,,,,,,,,,,,,,,,,,,,
,,,,,,,,,,,,,,,,,,,,,,,,,,,,,,,,,,,,,,,,,,,,,,,,,,,,,,,,,,,,,,,,,,
,,,,,,,,,,,,,,,,,,,,,,,,,,,,,,,,,,,,,,,,,,,,,,,,,,,,,,,,,,,,,,,,,,
,,,,,,,,,,,,,,,,,,,,,,,,,,,,,,,,,,,,,,,,,,,,,,,,,,,,,,,,,,,,,,,,,,
,,,,,,,,,,,,,,,,,,,,,,,,,,,,,,,,,,,,,,,,,,,,,,,,,,,,,,,,,,,,,,,,,,
,,,,,,,,,,,,,,,,,,,,,,,,,,,,,,,,,,,,,,,,,,,,,,,,,,,,,,,,,,,,,,,,,,
,,,,,,,,,,,,,,,,,,,,,,,,,,,,,,,,,,,,,,,,,,,,,,,,,,,,,,,,,,,,,,,,,,
,,,,,,,,,,,,,,,,,,,,,,,,,,,,,,,,,,,,,,,,,,,,,,,,,,,,,,,,,,,,,,,,,,
,,,,,,,,,,,,,,,,,,,,,,,,,,,,,,,,,,,,,,,,,,,,,,,,,,,,,,,,,,,,,,,,,,
,,,,,,,,,,,,,,,,,,,,,,,,,,,,,,,,,,,,,,,,,,,,,,,,,,,,,,,,,,,,,,,,,,
,,,,,,,,,,,,,,,,,,,,,,,,,,,,,,,,,,,,,,,,,,,,,,,,,,,,,,,,,,,,,,,,,,
,,,,,,,,,,,,,,,,,,,,,,,,,,,,,,,,,,,,,,,,,,,,,,,,,,,,,,,,,,,,,,,,,,
,,,,,,,,,,,,,,,,,,,,,,,,,,,,,,,,,,,,,,,,,,,,,,,,,,,,,,,,,,,,,,,,,,
,,,,,,,,,,,,,,,,,,,,,,,,,,,,,,,,,,,,,,,,,,,,,,,,,,,,,,,,,,,,,,,,,,
,,,,,,,,,,,,,,,,,,,,,,,,,,,,,,,,,,,,,,,,,,,,,,,,,,,,,,,,,,,,,,,,,,
,,,,,,,,,,,,,,,,,,,,,,,,,,,,,,,,,,,,,,,,,,,,,,,,,,,,,,,,,,,,,,,,,,
,,,,,,,,,,,,,,,,,,,,,,,,,,,,,,,,,,,,,,,,,,,,,,,,,,,,,,,,,,,,,,,,,,
,,,,,,,,,,,,,,,,,,,,,,,,,,,,,,,,,,,,,,,,,,,,,,,,,,,,,,,,,,,,,,,,,,
,,,,,,,,,,,,,,,,,,,,,,,,,,,,,,,,,,,,,,,,,,,,,,,,,,,,,,,,,,,,,,,,,,
,,,,,,,,,,,,,,,,,,,,,,,,,,,,,,,,,,,,,,,,,,,,,,,,,,,,,,,,,,,,,,,,,,
,,,,,,,,,,,,,,,,,,,,,,,,,,,,,,,,,,,,,,,,,,,,,,,,,,,,,,,,,,,,,,,,,,
,,,,,,,,,,,,,,,,,,,,,,,,,,,,,,,,,,,,,,,,,,,,,,,,,,,,,,,,,,,,,,,,,,
,,,,,,,,,,,,,,,,,,,,,,,,,,,,,,,,,,,,,,,,,,,,,,,,,,,,,,,,,,,,,,,,,,
,,,,,,,,,,,,,,,,,,,,,,,,,,,,,,,,,,,,,,,,,,,,,,,,,,,,,,,,,,,,,,,,,,
,,,,,,,,,,,,,,,,,,,,,,,,,,,,,,,,,,,,,,,,,,,,,,,,,,,,,,,,,,,,,,,,,,
,,,,,,,,,,,,,,,,,,,,,,,,,,,,,,,,,,,,,,,,,,,,,,,,,,,,,,,,,,,,,,,,,,
,,,,,,,,,,,,,,,,,,,,,,,,,,,,,,,,,,,,,,,,,,,,,,,,,,,,,,,,,,,,,,,,,,
,,,,,,,,,,,,,,,,,,,,,,,,,,,,,,,,,,,,,,,,,,,,,,,,,,,,,,,,,,,,,,,,,,
,,,,,,,,,,,,,,,,,,,,,,,,,,,,,,,,,,,,,,,,,,,,,,,,,,,,,,,,,,,,,,,,,,
,,,,,,,,,,,,,,,,,,,,,,,,,,,,,,,,,,,,,,,,,,,,,,,,,,,,,,,,,,,,,,,,,,
,,,,,,,,,,,,,,,,,,,,,,,,,,,,,,,,,,,,,,,,,,,,,,,,,,,,,,,,,,,,,,,,,,
,,,,,,,,,,,,,,,,,,,,,,,,,,,,,,,,,,,,,,,,,,,,,,,,,,,,,,,,,,,,,,,,,,
,,,,,,,,,,,,,,,,,,,,,,,,,,,,,,,,,,,,,,,,,,,,,,,,,,,,,,,,,,,,,,,,,,
,,,,,,,,,,,,,,,,,,,,,,,,,,,,,,,,,,,,,,,,,,,,,,,,,,,,,,,,,,,,,,,,,,
,,,,,,,,,,,,,,,,,,,,,,,,,,,,,,,,,,,,,,,,,,,,,,,,,,,,,,,,,,,,,,,,,,
,,,,,,,,,,,,,,,,,,,,,,,,,,,,,,,,,,,,,,,,,,,,,,,,,,,,,,,,,,,,,,,,,,
,,,,,,,,,,,,,,,,,,,,,,,,,,,,,,,,,,,,,,,,,,,,,,,,,,,,,,,,,,,,,,,,,,
,,,,,,,,,,,,,,,,,,,,,,,,,,,,,,,,,,,,,,,,,,,,,,,,,,,,,,,,,,,,,,,,,,
,,,,,,,,,,,,,,,,,,,,,,,,,,,,,,,,,,,,,,,,,,,,,,,,,,,,,,,,,,,,,,,,,,
,,,,,,,,,,,,,,,,,,,,,,,,,,,,,,,,,,,,,,,,,,,,,,,,,,,,,,,,,,,,,,,,,,
,,,,,,,,,,,,,,,,,,,,,,,,,,,,,,,,,,,,,,,,,,,,,,,,,,,,,,,,,,,,,,,,,,
,,,,,,,,,,,,,,,,,,,,,,,,,,,,,,,,,,,,,,,,,,,,,,,,,,,,,,,,,,,,,,,,,,
,,,,,,,,,,,,,,,,,,,,,,,,,,,,,,,,,,,,,,,,,,,,,,,,,,,,,,,,,,,,,,,,,,
,,,,,,,,,,,,,,,,,,,,,,,,,,,,,,,,,,,,,,,,,,,,,,,,,,,,,,,,,,,,,,,,,,
,,,,,,,,,,,,,,,,,,,,,,,,,,,,,,,,,,,,,,,,,,,,,,,,,,,,,,,,,,,,,,,,,,
,,,,,,,,,,,,,,,,,,,,,,,,,,,,,,,,,,,,,,,,,,,,,,,,,,,,,,,,,,,,,,,,,,
,,,,,,,,,,,,,,,,,,,,,,,,,,,,,,,,,,,,,,,,,,,,,,,,,,,,,,,,,,,,,,,,,,
,,,,,,,,,,,,,,,,,,,,,,,,,,,,,,,,,,,,,,,,,,,,,,,,,,,,,,,,,,,,,,,,,,
,,,,,,,,,,,,,,,,,,,,,,,,,,,,,,,,,,,,,,,,,,,,,,,,,,,,,,,,,,,,,,,,,,
,,,,,,,,,,,,,,,,,,,,,,,,,,,,,,,,,,,,,,,,,,,,,,,,,,,,,,,,,,,,,,,,,,
,,,,,,,,,,,,,,,,,,,,,,,,,,,,,,,,,,,,,,,,,,,,,,,,,,,,,,,,,,,,,,,,,,
,,,,,,,,,,,,,,,,,,,,,,,,,,,,,,,,,,,,,,,,,,,,,,,,,,,,,,,,,,,,,,,,,,
,,,,,,,,,,,,,,,,,,,,,,,,,,,,,,,,,,,,,,,,,,,,,,,,,,,,,,,,,,,,,,,,,,
,,,,,,,,,,,,,,,,,,,,,,,,,,,,,,,,,,,,,,,,,,,,,,,,,,,,,,,,,,,,,,,,,,
,,,,,,,,,,,,,,,,,,,,,,,,,,,,,,,,,,,,,,,,,,,,,,,,,,,,,,,,,,,,,,,,,,
,,,,,,,,,,,,,,,,,,,,,,,,,,,,,,,,,,,,,,,,,,,,,,,,,,,,,,,,,,,,,,,,,,
,,,,,,,,,,,,,,,,,,,,,,,,,,,,,,,,,,,,,,,,,,,,,,,,,,,,,,,,,,,,,,,,,,
,,,,,,,,,,,,,,,,,,,,,,,,,,,,,,,,,,,,,,,,,,,,,,,,,,,,,,,,,,,,,,,,,,
,,,,,,,,,,,,,,,,,,,,,,,,,,,,,,,,,,,,,,,,,,,,,,,,,,,,,,,,,,,,,,,,,,
,,,,,,,,,,,,,,,,,,,,,,,,,,,,,,,,,,,,,,,,,,,,,,,,,,,,,,,,,,,,,,,,,,
,,,,,,,,,,,,,,,,,,,,,,,,,,,,,,,,,,,,,,,,,,,,,,,,,,,,,,,,,,,,,,,,,,
,,,,,,,,,,,,,,,,,,,,,,,,,,,,,,,,,,,,,,,,,,,,,,,,,,,,,,,,,,,,,,,,,,
,,,,,,,,,,,,,,,,,,,,,,,,,,,,,,,,,,,,,,,,,,,,,,,,,,,,,,,,,,,,,,,,,,
,,,,,,,,,,,,,,,,,,,,,,,,,,,,,,,,,,,,,,,,,,,,,,,,,,,,,,,,,,,,,,,,,,
,,,,,,,,,,,,,,,,,,,,,,,,,,,,,,,,,,,,,,,,,,,,,,,,,,,,,,,,,,,,,,,,,,
,,,,,,,,,,,,,,,,,,,,,,,,,,,,,,,,,,,,,,,,,,,,,,,,,,,,,,,,,,,,,,,,,,
,,,,,,,,,,,,,,,,,,,,,,,,,,,,,,,,,,,,,,,,,,,,,,,,,,,,,,,,,,,,,,,,,,
,,,,,,,,,,,,,,,,,,,,,,,,,,,,,,,,,,,,,,,,,,,,,,,,,,,,,,,,,,,,,,,,,,
,,,,,,,,,,,,,,,,,,,,,,,,,,,,,,,,,,,,,,,,,,,,,,,,,,,,,,,,,,,,,,,,,,
,,,,,,,,,,,,,,,,,,,,,,,,,,,,,,,,,,,,,,,,,,,,,,,,,,,,,,,,,,,,,,,,,,
,,,,,,,,,,,,,,,,,,,,,,,,,,,,,,,,,,,,,,,,,,,,,,,,,,,,,,,,,,,,,,,,,,
,,,,,,,,,,,,,,,,,,,,,,,,,,,,,,,,,,,,,,,,,,,,,,,,,,,,,,,,,,,,,,,,,,
,,,,,,,,,,,,,,,,,,,,,,,,,,,,,,,,,,,,,,,,,,,,,,,,,,,,,,,,,,,,,,,,,,
,,,,,,,,,,,,,,,,,,,,,,,,,,,,,,,,,,,,,,,,,,,,,,,,,,,,,,,,,,,,,,,,,,
,,,,,,,,,,,,,,,,,,,,,,,,,,,,,,,,,,,,,,,,,,,,,,,,,,,,,,,,,,,,,,,,,,
,,,,,,,,,,,,,,,,,,,,,,,,,,,,,,,,,,,,,,,,,,,,,,,,,,,,,,,,,,,,,,,,,,
,,,,,,,,,,,,,,,,,,,,,,,,,,,,,,,,,,,,,,,,,,,,,,,,,,,,,,,,,,,,,,,,,,
,,,,,,,,,,,,,,,,,,,,,,,,,,,,,,,,,,,,,,,,,,,,,,,,,,,,,,,,,,,,,,,,,,
,,,,,,,,,,,,,,,,,,,,,,,,,,,,,,,,,,,,,,,,,,,,,,,,,,,,,,,,,,,,,,,,,,
,,,,,,,,,,,,,,,,,,,,,,,,,,,,,,,,,,,,,,,,,,,,,,,,,,,,,,,,,,,,,,,,,,
,,,,,,,,,,,,,,,,,,,,,,,,,,,,,,,,,,,,,,,,,,,,,,,,,,,,,,,,,,,,,,,,,,
,,,,,,,,,,,,,,,,,,,,,,,,,,,,,,,,,,,,,,,,,,,,,,,,,,,,,,,,,,,,,,,,,,
,,,,,,,,,,,,,,,,,,,,,,,,,,,,,,,,,,,,,,,,,,,,,,,,,,,,,,,,,,,,,,,,,,
,,,,,,,,,,,,,,,,,,,,,,,,,,,,,,,,,,,,,,,,,,,,,,,,,,,,,,,,,,,,,,,,,,
,,,,,,,,,,,,,,,,,,,,,,,,,,,,,,,,,,,,,,,,,,,,,,,,,,,,,,,,,,,,,,,,,,
,,,,,,,,,,,,,,,,,,,,,,,,,,,,,,,,,,,,,,,,,,,,,,,,,,,,,,,,,,,,,,,,,,
,,,,,,,,,,,,,,,,,,,,,,,,,,,,,,,,,,,,,,,,,,,,,,,,,,,,,,,,,,,,,,,,,,
,,,,,,,,,,,,,,,,,,,,,,,,,,,,,,,,,,,,,,,,,,,,,,,,,,,,,,,,,,,,,,,,,,
,,,,,,,,,,,,,,,,,,,,,,,,,,,,,,,,,,,,,,,,,,,,,,,,,,,,,,,,,,,,,,,,,,
,,,,,,,,,,,,,,,,,,,,,,,,,,,,,,,,,,,,,,,,,,,,,,,,,,,,,,,,,,,,,,,,,,
,,,,,,,,,,,,,,,,,,,,,,,,,,,,,,,,,,,,,,,,,,,,,,,,,,,,,,,,,,,,,,,,,,
,,,,,,,,,,,,,,,,,,,,,,,,,,,,,,,,,,,,,,,,,,,,,,,,,,,,,,,,,,,,,,,,,,
,,,,,,,,,,,,,,,,,,,,,,,,,,,,,,,,,,,,,,,,,,,,,,,,,,,,,,,,,,,,,,,,,,
,,,,,,,,,,,,,,,,,,,,,,,,,,,,,,,,,,,,,,,,,,,,,,,,,,,,,,,,,,,,,,,,,,
,,,,,,,,,,,,,,,,,,,,,,,,,,,,,,,,,,,,,,,,,,,,,,,,,,,,,,,,,,,,,,,,,,
,,,,,,,,,,,,,,,,,,,,,,,,,,,,,,,,,,,,,,,,,,,,,,,,,,,,,,,,,,,,,,,,,,
,,,,,,,,,,,,,,,,,,,,,,,,,,,,,,,,,,,,,,,,,,,,,,,,,,,,,,,,,,,,,,,,,,
,,,,,,,,,,,,,,,,,,,,,,,,,,,,,,,,,,,,,,,,,,,,,,,,,,,,,,,,,,,,,,,,,,
,,,,,,,,,,,,,,,,,,,,,,,,,,,,,,,,,,,,,,,,,,,,,,,,,,,,,,,,,,,,,,,,,,
,,,,,,,,,,,,,,,,,,,,,,,,,,,,,,,,,,,,,,,,,,,,,,,,,,,,,,,,,,,,,,,,,,
,,,,,,,,,,,,,,,,,,,,,,,,,,,,,,,,,,,,,,,,,,,,,,,,,,,,,,,,,,,,,,,,,,
,,,,,,,,,,,,,,,,,,,,,,,,,,,,,,,,,,,,,,,,,,,,,,,,,,,,,,,,,,,,,,,,,,
,,,,,,,,,,,,,,,,,,,,,,,,,,,,,,,,,,,,,,,,,,,,,,,,,,,,,,,,,,,,,,,,,,
,,,,,,,,,,,,,,,,,,,,,,,,,,,,,,,,,,,,,,,,,,,,,,,,,,,,,,,,,,,,,,,,,,
,,,,,,,,,,,,,,,,,,,,,,,,,,,,,,,,,,,,,,,,,,,,,,,,,,,,,,,,,,,,,,,,,,
,,,,,,,,,,,,,,,,,,,,,,,,,,,,,,,,,,,,,,,,,,,,,,,,,,,,,,,,,,,,,,,,,,
,,,,,,,,,,,,,,,,,,,,,,,,,,,,,,,,,,,,,,,,,,,,,,,,,,,,,,,,,,,,,,,,,,
,,,,,,,,,,,,,,,,,,,,,,,,,,,,,,,,,,,,,,,,,,,,,,,,,,,,,,,,,,,,,,,,,,
,,,,,,,,,,,,,,,,,,,,,,,,,,,,,,,,,,,,,,,,,,,,,,,,,,,,,,,,,,,,,,,,,,
,,,,,,,,,,,,,,,,,,,,,,,,,,,,,,,,,,,,,,,,,,,,,,,,,,,,,,,,,,,,,,,,,,
,,,,,,,,,,,,,,,,,,,,,,,,,,,,,,,,,,,,,,,,,,,,,,,,,,,,,,,,,,,,,,,,,,
,,,,,,,,,,,,,,,,,,,,,,,,,,,,,,,,,,,,,,,,,,,,,,,,,,,,,,,,,,,,,,,,,,
,,,,,,,,,,,,,,,,,,,,,,,,,,,,,,,,,,,,,,,,,,,,,,,,,,,,,,,,,,,,,,,,,,
,,,,,,,,,,,,,,,,,,,,,,,,,,,,,,,,,,,,,,,,,,,,,,,,,,,,,,,,,,,,,,,,,,
,,,,,,,,,,,,,,,,,,,,,,,,,,,,,,,,,,,,,,,,,,,,,,,,,,,,,,,,,,,,,,,,,,
,,,,,,,,,,,,,,,,,,,,,,,,,,,,,,,,,,,,,,,,,,,,,,,,,,,,,,,,,,,,,,,,,,
,,,,,,,,,,,,,,,,,,,,,,,,,,,,,,,,,,,,,,,,,,,,,,,,,,,,,,,,,,,,,,,,,,
,,,,,,,,,,,,,,,,,,,,,,,,,,,,,,,,,,,,,,,,,,,,,,,,,,,,,,,,,,,,,,,,,,
,,,,,,,,,,,,,,,,,,,,,,,,,,,,,,,,,,,,,,,,,,,,,,,,,,,,,,,,,,,,,,,,,,
,,,,,,,,,,,,,,,,,,,,,,,,,,,,,,,,,,,,,,,,,,,,,,,,,,,,,,,,,,,,,,,,,,
,,,,,,,,,,,,,,,,,,,,,,,,,,,,,,,,,,,,,,,,,,,,,,,,,,,,,,,,,,,,,,,,,,
,,,,,,,,,,,,,,,,,,,,,,,,,,,,,,,,,,,,,,,,,,,,,,,,,,,,,,,,,,,,,,,,,,
,,,,,,,,,,,,,,,,,,,,,,,,,,,,,,,,,,,,,,,,,,,,,,,,,,,,,,,,,,,,,,,,,,
,,,,,,,,,,,,,,,,,,,,,,,,,,,,,,,,,,,,,,,,,,,,,,,,,,,,,,,,,,,,,,,,,,
,,,,,,,,,,,,,,,,,,,,,,,,,,,,,,,,,,,,,,,,,,,,,,,,,,,,,,,,,,,,,,,,,,
,,,,,,,,,,,,,,,,,,,,,,,,,,,,,,,,,,,,,,,,,,,,,,,,,,,,,,,,,,,,,,,,,,
,,,,,,,,,,,,,,,,,,,,,,,,,,,,,,,,,,,,,,,,,,,,,,,,,,,,,,,,,,,,,,,,,,
,,,,,,,,,,,,,,,,,,,,,,,,,,,,,,,,,,,,,,,,,,,,,,,,,,,,,,,,,,,,,,,,,,
,,,,,,,,,,,,,,,,,,,,,,,,,,,,,,,,,,,,,,,,,,,,,,,,,,,,,,,,,,,,,,,,,,
,,,,,,,,,,,,,,,,,,,,,,,,,,,,,,,,,,,,,,,,,,,,,,,,,,,,,,,,,,,,,,,,,,
,,,,,,,,,,,,,,,,,,,,,,,,,,,,,,,,,,,,,,,,,,,,,,,,,,,,,,,,,,,,,,,,,,
,,,,,,,,,,,,,,,,,,,,,,,,,,,,,,,,,,,,,,,,,,,,,,,,,,,,,,,,,,,,,,,,,,
,,,,,,,,,,,,,,,,,,,,,,,,,,,,,,,,,,,,,,,,,,,,,,,,,,,,,,,,,,,,,,,,,,
,,,,,,,,,,,,,,,,,,,,,,,,,,,,,,,,,,,,,,,,,,,,,,,,,,,,,,,,,,,,,,,,,,
,,,,,,,,,,,,,,,,,,,,,,,,,,,,,,,,,,,,,,,,,,,,,,,,,,,,,,,,,,,,,,,,,,
,,,,,,,,,,,,,,,,,,,,,,,,,,,,,,,,,,,,,,,,,,,,,,,,,,,,,,,,,,,,,,,,,,
,,,,,,,,,,,,,,,,,,,,,,,,,,,,,,,,,,,,,,,,,,,,,,,,,,,,,,,,,,,,,,,,,,
,,,,,,,,,,,,,,,,,,,,,,,,,,,,,,,,,,,,,,,,,,,,,,,,,,,,,,,,,,,,,,,,,,
,,,,,,,,,,,,,,,,,,,,,,,,,,,,,,,,,,,,,,,,,,,,,,,,,,,,,,,,,,,,,,,,,,
,,,,,,,,,,,,,,,,,,,,,,,,,,,,,,,,,,,,,,,,,,,,,,,,,,,,,,,,,,,,,,,,,,
,,,,,,,,,,,,,,,,,,,,,,,,,,,,,,,,,,,,,,,,,,,,,,,,,,,,,,,,,,,,,,,,,,
,,,,,,,,,,,,,,,,,,,,,,,,,,,,,,,,,,,,,,,,,,,,,,,,,,,,,,,,,,,,,,,,,,
,,,,,,,,,,,,,,,,,,,,,,,,,,,,,,,,,,,,,,,,,,,,,,,,,,,,,,,,,,,,,,,,,,
,,,,,,,,,,,,,,,,,,,,,,,,,,,,,,,,,,,,,,,,,,,,,,,,,,,,,,,,,,,,,,,,,,
,,,,,,,,,,,,,,,,,,,,,,,,,,,,,,,,,,,,,,,,,,,,,,,,,,,,,,,,,,,,,,,,,,
,,,,,,,,,,,,,,,,,,,,,,,,,,,,,,,,,,,,,,,,,,,,,,,,,,,,,,,,,,,,,,,,,,
,,,,,,,,,,,,,,,,,,,,,,,,,,,,,,,,,,,,,,,,,,,,,,,,,,,,,,,,,,,,,,,,,,
,,,,,,,,,,,,,,,,,,,,,,,,,,,,,,,,,,,,,,,,,,,,,,,,,,,,,,,,,,,,,,,,,,
,,,,,,,,,,,,,,,,,,,,,,,,,,,,,,,,,,,,,,,,,,,,,,,,,,,,,,,,,,,,,,,,,,
,,,,,,,,,,,,,,,,,,,,,,,,,,,,,,,,,,,,,,,,,,,,,,,,,,,,,,,,,,,,,,,,,,
,,,,,,,,,,,,,,,,,,,,,,,,,,,,,,,,,,,,,,,,,,,,,,,,,,,,,,,,,,,,,,,,,,
,,,,,,,,,,,,,,,,,,,,,,,,,,,,,,,,,,,,,,,,,,,,,,,,,,,,,,,,,,,,,,,,,,
,,,,,,,,,,,,,,,,,,,,,,,,,,,,,,,,,,,,,,,,,,,,,,,,,,,,,,,,,,,,,,,,,,
,,,,,,,,,,,,,,,,,,,,,,,,,,,,,,,,,,,,,,,,,,,,,,,,,,,,,,,,,,,,,,,,,,
,,,,,,,,,,,,,,,,,,,,,,,,,,,,,,,,,,,,,,,,,,,,,,,,,,,,,,,,,,,,,,,,,,
,,,,,,,,,,,,,,,,,,,,,,,,,,,,,,,,,,,,,,,,,,,,,,,,,,,,,,,,,,,,,,,,,,
,,,,,,,,,,,,,,,,,,,,,,,,,,,,,,,,,,,,,,,,,,,,,,,,,,,,,,,,,,,,,,,,,,
,,,,,,,,,,,,,,,,,,,,,,,,,,,,,,,,,,,,,,,,,,,,,,,,,,,,,,,,,,,,,,,,,,
,,,,,,,,,,,,,,,,,,,,,,,,,,,,,,,,,,,,,,,,,,,,,,,,,,,,,,,,,,,,,,,,,,
,,,,,,,,,,,,,,,,,,,,,,,,,,,,,,,,,,,,,,,,,,,,,,,,,,,,,,,,,,,,,,,,,,
,,,,,,,,,,,,,,,,,,,,,,,,,,,,,,,,,,,,,,,,,,,,,,,,,,,,,,,,,,,,,,,,,,
,,,,,,,,,,,,,,,,,,,,,,,,,,,,,,,,,,,,,,,,,,,,,,,,,,,,,,,,,,,,,,,,,,
,,,,,,,,,,,,,,,,,,,,,,,,,,,,,,,,,,,,,,,,,,,,,,,,,,,,,,,,,,,,,,,,,,
,,,,,,,,,,,,,,,,,,,,,,,,,,,,,,,,,,,,,,,,,,,,,,,,,,,,,,,,,,,,,,,,,,
,,,,,,,,,,,,,,,,,,,,,,,,,,,,,,,,,,,,,,,,,,,,,,,,,,,,,,,,,,,,,,,,,,
,,,,,,,,,,,,,,,,,,,,,,,,,,,,,,,,,,,,,,,,,,,,,,,,,,,,,,,,,,,,,,,,,,
,,,,,,,,,,,,,,,,,,,,,,,,,,,,,,,,,,,,,,,,,,,,,,,,,,,,,,,,,,,,,,,,,,
,,,,,,,,,,,,,,,,,,,,,,,,,,,,,,,,,,,,,,,,,,,,,,,,,,,,,,,,,,,,,,,,,,
,,,,,,,,,,,,,,,,,,,,,,,,,,,,,,,,,,,,,,,,,,,,,,,,,,,,,,,,,,,,,,,,,,
,,,,,,,,,,,,,,,,,,,,,,,,,,,,,,,,,,,,,,,,,,,,,,,,,,,,,,,,,,,,,,,,,,
,,,,,,,,,,,,,,,,,,,,,,,,,,,,,,,,,,,,,,,,,,,,,,,,,,,,,,,,,,,,,,,,,,
,,,,,,,,,,,,,,,,,,,,,,,,,,,,,,,,,,,,,,,,,,,,,,,,,,,,,,,,,,,,,,,,,,
,,,,,,,,,,,,,,,,,,,,,,,,,,,,,,,,,,,,,,,,,,,,,,,,,,,,,,,,,,,,,,,,,,
,,,,,,,,,,,,,,,,,,,,,,,,,,,,,,,,,,,,,,,,,,,,,,,,,,,,,,,,,,,,,,,,,,
,,,,,,,,,,,,,,,,,,,,,,,,,,,,,,,,,,,,,,,,,,,,,,,,,,,,,,,,,,,,,,,,,,
,,,,,,,,,,,,,,,,,,,,,,,,,,,,,,,,,,,,,,,,,,,,,,,,,,,,,,,,,,,,,,,,,,
,,,,,,,,,,,,,,,,,,,,,,,,,,,,,,,,,,,,,,,,,,,,,,,,,,,,,,,,,,,,,,,,,,
,,,,,,,,,,,,,,,,,,,,,,,,,,,,,,,,,,,,,,,,,,,,,,,,,,,,,,,,,,,,,,,,,,
,,,,,,,,,,,,,,,,,,,,,,,,,,,,,,,,,,,,,,,,,,,,,,,,,,,,,,,,,,,,,,,,,,
,,,,,,,,,,,,,,,,,,,,,,,,,,,,,,,,,,,,,,,,,,,,,,,,,,,,,,,,,,,,,,,,,,
,,,,,,,,,,,,,,,,,,,,,,,,,,,,,,,,,,,,,,,,,,,,,,,,,,,,,,,,,,,,,,,,,,
,,,,,,,,,,,,,,,,,,,,,,,,,,,,,,,,,,,,,,,,,,,,,,,,,,,,,,,,,,,,,,,,,,
,,,,,,,,,,,,,,,,,,,,,,,,,,,,,,,,,,,,,,,,,,,,,,,,,,,,,,,,,,,,,,,,,,
,,,,,,,,,,,,,,,,,,,,,,,,,,,,,,,,,,,,,,,,,,,,,,,,,,,,,,,,,,,,,,,,,,
,,,,,,,,,,,,,,,,,,,,,,,,,,,,,,,,,,,,,,,,,,,,,,,,,,,,,,,,,,,,,,,,,,
,,,,,,,,,,,,,,,,,,,,,,,,,,,,,,,,,,,,,,,,,,,,,,,,,,,,,,,,,,,,,,,,,,
,,,,,,,,,,,,,,,,,,,,,,,,,,,,,,,,,,,,,,,,,,,,,,,,,,,,,,,,,,,,,,,,,,
,,,,,,,,,,,,,,,,,,,,,,,,,,,,,,,,,,,,,,,,,,,,,,,,,,,,,,,,,,,,,,,,,,
,,,,,,,,,,,,,,,,,,,,,,,,,,,,,,,,,,,,,,,,,,,,,,,,,,,,,,,,,,,,,,,,,,
,,,,,,,,,,,,,,,,,,,,,,,,,,,,,,,,,,,,,,,,,,,,,,,,,,,,,,,,,,,,,,,,,,
,,,,,,,,,,,,,,,,,,,,,,,,,,,,,,,,,,,,,,,,,,,,,,,,,,,,,,,,,,,,,,,,,,
,,,,,,,,,,,,,,,,,,,,,,,,,,,,,,,,,,,,,,,,,,,,,,,,,,,,,,,,,,,,,,,,,,
,,,,,,,,,,,,,,,,,,,,,,,,,,,,,,,,,,,,,,,,,,,,,,,,,,,,,,,,,,,,,,,,,,
,,,,,,,,,,,,,,,,,,,,,,,,,,,,,,,,,,,,,,,,,,,,,,,,,,,,,,,,,,,,,,,,,,
,,,,,,,,,,,,,,,,,,,,,,,,,,,,,,,,,,,,,,,,,,,,,,,,,,,,,,,,,,,,,,,,,,
,,,,,,,,,,,,,,,,,,,,,,,,,,,,,,,,,,,,,,,,,,,,,,,,,,,,,,,,,,,,,,,,,,
,,,,,,,,,,,,,,,,,,,,,,,,,,,,,,,,,,,,,,,,,,,,,,,,,,,,,,,,,,,,,,,,,,
,,,,,,,,,,,,,,,,,,,,,,,,,,,,,,,,,,,,,,,,,,,,,,,,,,,,,,,,,,,,,,,,,,
,,,,,,,,,,,,,,,,,,,,,,,,,,,,,,,,,,,,,,,,,,,,,,,,,,,,,,,,,,,,,,,,,,
,,,,,,,,,,,,,,,,,,,,,,,,,,,,,,,,,,,,,,,,,,,,,,,,,,,,,,,,,,,,,,,,,,
,,,,,,,,,,,,,,,,,,,,,,,,,,,,,,,,,,,,,,,,,,,,,,,,,,,,,,,,,,,,,,,,,,
,,,,,,,,,,,,,,,,,,,,,,,,,,,,,,,,,,,,,,,,,,,,,,,,,,,,,,,,,,,,,,,,,,
,,,,,,,,,,,,,,,,,,,,,,,,,,,,,,,,,,,,,,,,,,,,,,,,,,,,,,,,,,,,,,,,,,
,,,,,,,,,,,,,,,,,,,,,,,,,,,,,,,,,,,,,,,,,,,,,,,,,,,,,,,,,,,,,,,,,,
,,,,,,,,,,,,,,,,,,,,,,,,,,,,,,,,,,,,,,,,,,,,,,,,,,,,,,,,,,,,,,,,,,
,,,,,,,,,,,,,,,,,,,,,,,,,,,,,,,,,,,,,,,,,,,,,,,,,,,,,,,,,,,,,,,,,,
,,,,,,,,,,,,,,,,,,,,,,,,,,,,,,,,,,,,,,,,,,,,,,,,,,,,,,,,,,,,,,,,,,
,,,,,,,,,,,,,,,,,,,,,,,,,,,,,,,,,,,,,,,,,,,,,,,,,,,,,,,,,,,,,,,,,,
,,,,,,,,,,,,,,,,,,,,,,,,,,,,,,,,,,,,,,,,,,,,,,,,,,,,,,,,,,,,,,,,,,
,,,,,,,,,,,,,,,,,,,,,,,,,,,,,,,,,,,,,,,,,,,,,,,,,,,,,,,,,,,,,,,,,,
,,,,,,,,,,,,,,,,,,,,,,,,,,,,,,,,,,,,,,,,,,,,,,,,,,,,,,,,,,,,,,,,,,
,,,,,,,,,,,,,,,,,,,,,,,,,,,,,,,,,,,,,,,,,,,,,,,,,,,,,,,,,,,,,,,,,,
,,,,,,,,,,,,,,,,,,,,,,,,,,,,,,,,,,,,,,,,,,,,,,,,,,,,,,,,,,,,,,,,,,
,,,,,,,,,,,,,,,,,,,,,,,,,,,,,,,,,,,,,,,,,,,,,,,,,,,,,,,,,,,,,,,,,,
